pc,opcode
0,1
1,3
2,1
3,3
4,1
5,3
6,8
7,2
8,3
9,2
10,1
11,5
12,3
13,2
14,6
16,2
17,3
18,2
19,1
20,4
21,3
22,2
23,3
24,8
25,2
26,3
27,2
28,1
29,4
30,3
31,2
32,3
33,8
7,2
8,3
9,2
10,1
11,5
12,3
13,2
14,6
16,2
17,3
18,2
19,1
20,4
21,3
22,2
23,3
24,8
25,2
26,3
27,2
28,1
29,4
30,3
31,2
32,3
33,8
7,2
8,3
9,2
10,1
11,5
12,3
13,2
14,6
16,2
17,3
18,2
19,1
20,4
21,3
22,2
23,3
24,8
25,2
26,3
27,2
28,1
29,4
30,3
31,2
32,3
33,8
7,2
8,3
9,2
10,1
11,5
12,3
13,2
14,6
16,2
17,3
18,2
19,1
20,4
21,3
22,2
23,3
24,8
25,2
26,3
27,2
28,1
29,4
30,3
31,2
32,3
33,8
7,2
8,3
9,2
10,1
11,5
12,3
13,2
14,6
16,2
17,3
18,2
19,1
20,4
21,3
22,2
23,3
24,8
25,2
26,3
27,2
28,1
29,4
30,3
31,2
32,3
33,8
7,2
8,3
9,2
10,1
11,5
12,3
13,2
14,6
16,2
17,3
18,2
19,1
20,4
21,3
22,2
23,3
24,8
25,2
26,3
27,2
28,1
29,4
30,3
31,2
32,3
33,8
7,2
8,3
9,2
10,1
11,5
12,3
13,2
14,6
16,2
17,3
18,2
19,1
20,4
21,3
22,2
23,3
24,8
25,2
26,3
27,2
28,1
29,4
30,3
31,2
32,3
33,8
7,2
8,3
9,2
10,1
11,5
12,3
13,2
14,6
16,2
17,3
18,2
19,1
20,4
21,3
22,2
23,3
24,8
25,2
26,3
27,2
28,1
29,4
30,3
31,2
32,3
33,8
7,2
8,3
9,2
10,1
11,5
12,3
13,2
14,6
16,2
17,3
18,2
19,1
20,4
21,3
22,2
23,3
24,8
25,2
26,3
27,2
28,1
29,4
30,3
31,2
32,3
33,8
7,2
8,3
9,2
10,1
11,5
12,3
13,2
14,6
16,2
17,3
18,2
19,1
20,4
21,3
22,2
23,3
24,8
25,2
26,3
27,2
28,1
29,4
30,3
31,2
32,3
33,8
7,2
8,3
9,2
10,1
11,5
12,3
13,2
14,6
16,2
17,3
18,2
19,1
20,4
21,3
22,2
23,3
24,8
25,2
26,3
27,2
28,1
29,4
30,3
31,2
32,3
33,8
7,2
8,3
9,2
10,1
11,5
12,3
13,2
14,6
16,2
17,3
18,2
19,1
20,4
21,3
22,2
23,3
24,8
25,2
26,3
27,2
28,1
29,4
30,3
31,2
32,3
33,8
7,2
8,3
9,2
10,1
11,5
12,3
13,2
14,6
16,2
17,3
18,2
19,1
20,4
21,3
22,2
23,3
24,8
25,2
26,3
27,2
28,1
29,4
30,3
31,2
32,3
33,8
7,2
8,3
9,2
10,1
11,5
12,3
13,2
14,6
16,2
17,3
18,2
19,1
20,4
21,3
22,2
23,3
24,8
25,2
26,3
27,2
28,1
29,4
30,3
31,2
32,3
33,8
7,2
8,3
9,2
10,1
11,5
12,3
13,2
14,6
16,2
17,3
18,2
19,1
20,4
21,3
22,2
23,3
24,8
25,2
26,3
27,2
28,1
29,4
30,3
31,2
32,3
33,8
7,2
8,3
9,2
10,1
11,5
12,3
13,2
14,6
16,2
17,3
18,2
19,1
20,4
21,3
22,2
23,3
24,8
25,2
26,3
27,2
28,1
29,4
30,3
31,2
32,3
33,8
7,2
8,3
9,2
10,1
11,5
12,3
13,2
14,6
16,2
17,3
18,2
19,1
20,4
21,3
22,2
23,3
24,8
25,2
26,3
27,2
28,1
29,4
30,3
31,2
32,3
33,8
7,2
8,3
9,2
10,1
11,5
12,3
13,2
14,6
16,2
17,3
18,2
19,1
20,4
21,3
22,2
23,3
24,8
25,2
26,3
27,2
28,1
29,4
30,3
31,2
32,3
33,8
7,2
8,3
9,2
10,1
11,5
12,3
13,2
14,6
16,2
17,3
18,2
19,1
20,4
21,3
22,2
23,3
24,8
25,2
26,3
27,2
28,1
29,4
30,3
31,2
32,3
33,8
7,2
8,3
9,2
10,1
11,5
12,3
13,2
14,6
16,2
17,3
18,2
19,1
20,4
21,3
22,2
23,3
24,8
25,2
26,3
27,2
28,1
29,4
30,3
31,2
32,3
33,8
7,2
8,3
9,2
10,1
11,5
12,3
13,2
14,6
16,2
17,3
18,2
19,1
20,4
21,3
22,2
23,3
24,8
25,2
26,3
27,2
28,1
29,4
30,3
31,2
32,3
33,8
7,2
8,3
9,2
10,1
11,5
12,3
13,2
14,6
16,2
17,3
18,2
19,1
20,4
21,3
22,2
23,3
24,8
25,2
26,3
27,2
28,1
29,4
30,3
31,2
32,3
33,8
7,2
8,3
9,2
10,1
11,5
12,3
13,2
14,6
16,2
17,3
18,2
19,1
20,4
21,3
22,2
23,3
24,8
25,2
26,3
27,2
28,1
29,4
30,3
31,2
32,3
33,8
7,2
8,3
9,2
10,1
11,5
12,3
13,2
14,6
16,2
17,3
18,2
19,1
20,4
21,3
22,2
23,3
24,8
25,2
26,3
27,2
28,1
29,4
30,3
31,2
32,3
33,8
7,2
8,3
9,2
10,1
11,5
12,3
13,2
14,6
16,2
17,3
18,2
19,1
20,4
21,3
22,2
23,3
24,8
25,2
26,3
27,2
28,1
29,4
30,3
31,2
32,3
33,8
7,2
8,3
9,2
10,1
11,5
12,3
13,2
14,6
16,2
17,3
18,2
19,1
20,4
21,3
22,2
23,3
24,8
25,2
26,3
27,2
28,1
29,4
30,3
31,2
32,3
33,8
7,2
8,3
9,2
10,1
11,5
12,3
13,2
14,6
16,2
17,3
18,2
19,1
20,4
21,3
22,2
23,3
24,8
25,2
26,3
27,2
28,1
29,4
30,3
31,2
32,3
33,8
7,2
8,3
9,2
10,1
11,5
12,3
13,2
14,6
16,2
17,3
18,2
19,1
20,4
21,3
22,2
23,3
24,8
25,2
26,3
27,2
28,1
29,4
30,3
31,2
32,3
33,8
7,2
8,3
9,2
10,1
11,5
12,3
13,2
14,6
16,2
17,3
18,2
19,1
20,4
21,3
22,2
23,3
24,8
25,2
26,3
27,2
28,1
29,4
30,3
31,2
32,3
33,8
7,2
8,3
9,2
10,1
11,5
12,3
13,2
14,6
16,2
17,3
18,2
19,1
20,4
21,3
22,2
23,3
24,8
25,2
26,3
27,2
28,1
29,4
30,3
31,2
32,3
33,8
7,2
8,3
9,2
10,1
11,5
12,3
13,2
14,6
16,2
17,3
18,2
19,1
20,4
21,3
22,2
23,3
24,8
25,2
26,3
27,2
28,1
29,4
30,3
31,2
32,3
33,8
7,2
8,3
9,2
10,1
11,5
12,3
13,2
14,6
16,2
17,3
18,2
19,1
20,4
21,3
22,2
23,3
24,8
25,2
26,3
27,2
28,1
29,4
30,3
31,2
32,3
33,8
7,2
8,3
9,2
10,1
11,5
12,3
13,2
14,6
16,2
17,3
18,2
19,1
20,4
21,3
22,2
23,3
24,8
25,2
26,3
27,2
28,1
29,4
30,3
31,2
32,3
33,8
7,2
8,3
9,2
10,1
11,5
12,3
13,2
14,6
16,2
17,3
18,2
19,1
20,4
21,3
22,2
23,3
24,8
25,2
26,3
27,2
28,1
29,4
30,3
31,2
32,3
33,8
7,2
8,3
9,2
10,1
11,5
12,3
13,2
14,6
16,2
17,3
18,2
19,1
20,4
21,3
22,2
23,3
24,8
25,2
26,3
27,2
28,1
29,4
30,3
31,2
32,3
33,8
7,2
8,3
9,2
10,1
11,5
12,3
13,2
14,6
16,2
17,3
18,2
19,1
20,4
21,3
22,2
23,3
24,8
25,2
26,3
27,2
28,1
29,4
30,3
31,2
32,3
33,8
7,2
8,3
9,2
10,1
11,5
12,3
13,2
14,6
16,2
17,3
18,2
19,1
20,4
21,3
22,2
23,3
24,8
25,2
26,3
27,2
28,1
29,4
30,3
31,2
32,3
33,8
7,2
8,3
9,2
10,1
11,5
12,3
13,2
14,6
16,2
17,3
18,2
19,1
20,4
21,3
22,2
23,3
24,8
25,2
26,3
27,2
28,1
29,4
30,3
31,2
32,3
33,8
7,2
8,3
9,2
10,1
11,5
12,3
13,2
14,6
16,2
17,3
18,2
19,1
20,4
21,3
22,2
23,3
24,8
25,2
26,3
27,2
28,1
29,4
30,3
31,2
32,3
33,8
7,2
8,3
9,2
10,1
11,5
12,3
13,2
14,6
16,2
17,3
18,2
19,1
20,4
21,3
22,2
23,3
24,8
25,2
26,3
27,2
28,1
29,4
30,3
31,2
32,3
33,8
7,2
8,3
9,2
10,1
11,5
12,3
13,2
14,6
16,2
17,3
18,2
19,1
20,4
21,3
22,2
23,3
24,8
25,2
26,3
27,2
28,1
29,4
30,3
31,2
32,3
33,8
7,2
8,3
9,2
10,1
11,5
12,3
13,2
14,6
16,2
17,3
18,2
19,1
20,4
21,3
22,2
23,3
24,8
25,2
26,3
27,2
28,1
29,4
30,3
31,2
32,3
33,8
7,2
8,3
9,2
10,1
11,5
12,3
13,2
14,6
16,2
17,3
18,2
19,1
20,4
21,3
22,2
23,3
24,8
25,2
26,3
27,2
28,1
29,4
30,3
31,2
32,3
33,8
7,2
8,3
9,2
10,1
11,5
12,3
13,2
14,6
16,2
17,3
18,2
19,1
20,4
21,3
22,2
23,3
24,8
25,2
26,3
27,2
28,1
29,4
30,3
31,2
32,3
33,8
7,2
8,3
9,2
10,1
11,5
12,3
13,2
14,6
16,2
17,3
18,2
19,1
20,4
21,3
22,2
23,3
24,8
25,2
26,3
27,2
28,1
29,4
30,3
31,2
32,3
33,8
7,2
8,3
9,2
10,1
11,5
12,3
13,2
14,6
16,2
17,3
18,2
19,1
20,4
21,3
22,2
23,3
24,8
25,2
26,3
27,2
28,1
29,4
30,3
31,2
32,3
33,8
7,2
8,3
9,2
10,1
11,5
12,3
13,2
14,6
16,2
17,3
18,2
19,1
20,4
21,3
22,2
23,3
24,8
25,2
26,3
27,2
28,1
29,4
30,3
31,2
32,3
33,8
7,2
8,3
9,2
10,1
11,5
12,3
13,2
14,6
16,2
17,3
18,2
19,1
20,4
21,3
22,2
23,3
24,8
25,2
26,3
27,2
28,1
29,4
30,3
31,2
32,3
33,8
7,2
8,3
9,2
10,1
11,5
12,3
13,2
14,6
16,2
17,3
18,2
19,1
20,4
21,3
22,2
23,3
24,8
25,2
26,3
27,2
28,1
29,4
30,3
31,2
32,3
33,8
7,2
8,3
9,2
10,1
11,5
12,3
13,2
14,6
16,2
17,3
18,2
19,1
20,4
21,3
22,2
23,3
24,8
25,2
26,3
27,2
28,1
29,4
30,3
31,2
32,3
33,8
7,2
8,3
9,2
10,1
11,5
12,3
13,2
14,6
16,2
17,3
18,2
19,1
20,4
21,3
22,2
23,3
24,8
25,2
26,3
27,2
28,1
29,4
30,3
31,2
32,3
33,8
7,2
8,3
9,2
10,1
11,5
12,3
13,2
14,6
16,2
17,3
18,2
19,1
20,4
21,3
22,2
23,3
24,8
25,2
26,3
27,2
28,1
29,4
30,3
31,2
32,3
33,8
7,2
8,3
9,2
10,1
11,5
12,3
13,2
14,6
16,2
17,3
18,2
19,1
20,4
21,3
22,2
23,3
24,8
25,2
26,3
27,2
28,1
29,4
30,3
31,2
32,3
33,8
7,2
8,3
9,2
10,1
11,5
12,3
13,2
14,6
16,2
17,3
18,2
19,1
20,4
21,3
22,2
23,3
24,8
25,2
26,3
27,2
28,1
29,4
30,3
31,2
32,3
33,8
7,2
8,3
9,2
10,1
11,5
12,3
13,2
14,6
16,2
17,3
18,2
19,1
20,4
21,3
22,2
23,3
24,8
25,2
26,3
27,2
28,1
29,4
30,3
31,2
32,3
33,8
7,2
8,3
9,2
10,1
11,5
12,3
13,2
14,6
16,2
17,3
18,2
19,1
20,4
21,3
22,2
23,3
24,8
25,2
26,3
27,2
28,1
29,4
30,3
31,2
32,3
33,8
7,2
8,3
9,2
10,1
11,5
12,3
13,2
14,6
16,2
17,3
18,2
19,1
20,4
21,3
22,2
23,3
24,8
25,2
26,3
27,2
28,1
29,4
30,3
31,2
32,3
33,8
7,2
8,3
9,2
10,1
11,5
12,3
13,2
14,6
16,2
17,3
18,2
19,1
20,4
21,3
22,2
23,3
24,8
25,2
26,3
27,2
28,1
29,4
30,3
31,2
32,3
33,8
7,2
8,3
9,2
10,1
11,5
12,3
13,2
14,6
16,2
17,3
18,2
19,1
20,4
21,3
22,2
23,3
24,8
25,2
26,3
27,2
28,1
29,4
30,3
31,2
32,3
33,8
7,2
8,3
9,2
10,1
11,5
12,3
13,2
14,6
16,2
17,3
18,2
19,1
20,4
21,3
22,2
23,3
24,8
25,2
26,3
27,2
28,1
29,4
30,3
31,2
32,3
33,8
7,2
8,3
9,2
10,1
11,5
12,3
13,2
14,6
16,2
17,3
18,2
19,1
20,4
21,3
22,2
23,3
24,8
25,2
26,3
27,2
28,1
29,4
30,3
31,2
32,3
33,8
7,2
8,3
9,2
10,1
11,5
12,3
13,2
14,6
16,2
17,3
18,2
19,1
20,4
21,3
22,2
23,3
24,8
25,2
26,3
27,2
28,1
29,4
30,3
31,2
32,3
33,8
7,2
8,3
9,2
10,1
11,5
12,3
13,2
14,6
16,2
17,3
18,2
19,1
20,4
21,3
22,2
23,3
24,8
25,2
26,3
27,2
28,1
29,4
30,3
31,2
32,3
33,8
7,2
8,3
9,2
10,1
11,5
12,3
13,2
14,6
16,2
17,3
18,2
19,1
20,4
21,3
22,2
23,3
24,8
25,2
26,3
27,2
28,1
29,4
30,3
31,2
32,3
33,8
7,2
8,3
9,2
10,1
11,5
12,3
13,2
14,6
16,2
17,3
18,2
19,1
20,4
21,3
22,2
23,3
24,8
25,2
26,3
27,2
28,1
29,4
30,3
31,2
32,3
33,8
7,2
8,3
9,2
10,1
11,5
12,3
13,2
14,6
16,2
17,3
18,2
19,1
20,4
21,3
22,2
23,3
24,8
25,2
26,3
27,2
28,1
29,4
30,3
31,2
32,3
33,8
7,2
8,3
9,2
10,1
11,5
12,3
13,2
14,6
16,2
17,3
18,2
19,1
20,4
21,3
22,2
23,3
24,8
25,2
26,3
27,2
28,1
29,4
30,3
31,2
32,3
33,8
7,2
8,3
9,2
10,1
11,5
12,3
13,2
14,6
16,2
17,3
18,2
19,1
20,4
21,3
22,2
23,3
24,8
25,2
26,3
27,2
28,1
29,4
30,3
31,2
32,3
33,8
7,2
8,3
9,2
10,1
11,5
12,3
13,2
14,6
16,2
17,3
18,2
19,1
20,4
21,3
22,2
23,3
24,8
25,2
26,3
27,2
28,1
29,4
30,3
31,2
32,3
33,8
7,2
8,3
9,2
10,1
11,5
12,3
13,2
14,6
16,2
17,3
18,2
19,1
20,4
21,3
22,2
23,3
24,8
25,2
26,3
27,2
28,1
29,4
30,3
31,2
32,3
33,8
7,2
8,3
9,2
10,1
11,5
12,3
13,2
14,6
16,2
17,3
18,2
19,1
20,4
21,3
22,2
23,3
24,8
25,2
26,3
27,2
28,1
29,4
30,3
31,2
32,3
33,8
7,2
8,3
9,2
10,1
11,5
12,3
13,2
14,6
16,2
17,3
18,2
19,1
20,4
21,3
22,2
23,3
24,8
25,2
26,3
27,2
28,1
29,4
30,3
31,2
32,3
33,8
7,2
8,3
9,2
10,1
11,5
12,3
13,2
14,6
16,2
17,3
18,2
19,1
20,4
21,3
22,2
23,3
24,8
25,2
26,3
27,2
28,1
29,4
30,3
31,2
32,3
33,8
7,2
8,3
9,2
10,1
11,5
12,3
13,2
14,6
16,2
17,3
18,2
19,1
20,4
21,3
22,2
23,3
24,8
25,2
26,3
27,2
28,1
29,4
30,3
31,2
32,3
33,8
7,2
8,3
9,2
10,1
11,5
12,3
13,2
14,6
16,2
17,3
18,2
19,1
20,4
21,3
22,2
23,3
24,8
25,2
26,3
27,2
28,1
29,4
30,3
31,2
32,3
33,8
7,2
8,3
9,2
10,1
11,5
12,3
13,2
14,6
16,2
17,3
18,2
19,1
20,4
21,3
22,2
23,3
24,8
25,2
26,3
27,2
28,1
29,4
30,3
31,2
32,3
33,8
7,2
8,3
9,2
10,1
11,5
12,3
13,2
14,6
16,2
17,3
18,2
19,1
20,4
21,3
22,2
23,3
24,8
25,2
26,3
27,2
28,1
29,4
30,3
31,2
32,3
33,8
7,2
8,3
9,2
10,1
11,5
12,3
13,2
14,6
16,2
17,3
18,2
19,1
20,4
21,3
22,2
23,3
24,8
25,2
26,3
27,2
28,1
29,4
30,3
31,2
32,3
33,8
7,2
8,3
9,2
10,1
11,5
12,3
13,2
14,6
16,2
17,3
18,2
19,1
20,4
21,3
22,2
23,3
24,8
25,2
26,3
27,2
28,1
29,4
30,3
31,2
32,3
33,8
7,2
8,3
9,2
10,1
11,5
12,3
13,2
14,6
16,2
17,3
18,2
19,1
20,4
21,3
22,2
23,3
24,8
25,2
26,3
27,2
28,1
29,4
30,3
31,2
32,3
33,8
7,2
8,3
9,2
10,1
11,5
12,3
13,2
14,6
16,2
17,3
18,2
19,1
20,4
21,3
22,2
23,3
24,8
25,2
26,3
27,2
28,1
29,4
30,3
31,2
32,3
33,8
7,2
8,3
9,2
10,1
11,5
12,3
13,2
14,6
16,2
17,3
18,2
19,1
20,4
21,3
22,2
23,3
24,8
25,2
26,3
27,2
28,1
29,4
30,3
31,2
32,3
33,8
7,2
8,3
9,2
10,1
11,5
12,3
13,2
14,6
16,2
17,3
18,2
19,1
20,4
21,3
22,2
23,3
24,8
25,2
26,3
27,2
28,1
29,4
30,3
31,2
32,3
33,8
7,2
8,3
9,2
10,1
11,5
12,3
13,2
14,6
16,2
17,3
18,2
19,1
20,4
21,3
22,2
23,3
24,8
25,2
26,3
27,2
28,1
29,4
30,3
31,2
32,3
33,8
7,2
8,3
9,2
10,1
11,5
12,3
13,2
14,6
16,2
17,3
18,2
19,1
20,4
21,3
22,2
23,3
24,8
25,2
26,3
27,2
28,1
29,4
30,3
31,2
32,3
33,8
7,2
8,3
9,2
10,1
11,5
12,3
13,2
14,6
16,2
17,3
18,2
19,1
20,4
21,3
22,2
23,3
24,8
25,2
26,3
27,2
28,1
29,4
30,3
31,2
32,3
33,8
7,2
8,3
9,2
10,1
11,5
12,3
13,2
14,6
16,2
17,3
18,2
19,1
20,4
21,3
22,2
23,3
24,8
25,2
26,3
27,2
28,1
29,4
30,3
31,2
32,3
33,8
7,2
8,3
9,2
10,1
11,5
12,3
13,2
14,6
16,2
17,3
18,2
19,1
20,4
21,3
22,2
23,3
24,8
25,2
26,3
27,2
28,1
29,4
30,3
31,2
32,3
33,8
7,2
8,3
9,2
10,1
11,5
12,3
13,2
14,6
16,2
17,3
18,2
19,1
20,4
21,3
22,2
23,3
24,8
25,2
26,3
27,2
28,1
29,4
30,3
31,2
32,3
33,8
7,2
8,3
9,2
10,1
11,5
12,3
13,2
14,6
16,2
17,3
18,2
19,1
20,4
21,3
22,2
23,3
24,8
25,2
26,3
27,2
28,1
29,4
30,3
31,2
32,3
33,8
7,2
8,3
9,2
10,1
11,5
12,3
13,2
14,6
16,2
17,3
18,2
19,1
20,4
21,3
22,2
23,3
24,8
25,2
26,3
27,2
28,1
29,4
30,3
31,2
32,3
33,8
7,2
8,3
9,2
10,1
11,5
12,3
13,2
14,6
16,2
17,3
18,2
19,1
20,4
21,3
22,2
23,3
24,8
25,2
26,3
27,2
28,1
29,4
30,3
31,2
32,3
33,8
7,2
8,3
9,2
10,1
11,5
12,3
13,2
14,6
16,2
17,3
18,2
19,1
20,4
21,3
22,2
23,3
24,8
25,2
26,3
27,2
28,1
29,4
30,3
31,2
32,3
33,8
7,2
8,3
9,2
10,1
11,5
12,3
13,2
14,6
16,2
17,3
18,2
19,1
20,4
21,3
22,2
23,3
24,8
25,2
26,3
27,2
28,1
29,4
30,3
31,2
32,3
33,8
7,2
8,3
9,2
10,1
11,5
12,3
13,2
14,6
16,2
17,3
18,2
19,1
20,4
21,3
22,2
23,3
24,8
25,2
26,3
27,2
28,1
29,4
30,3
31,2
32,3
33,8
7,2
8,3
9,2
10,1
11,5
12,3
13,2
14,6
16,2
17,3
18,2
19,1
20,4
21,3
22,2
23,3
24,8
25,2
26,3
27,2
28,1
29,4
30,3
31,2
32,3
33,8
7,2
8,3
9,2
10,1
11,5
12,3
13,2
14,6
16,2
17,3
18,2
19,1
20,4
21,3
22,2
23,3
24,8
25,2
26,3
27,2
28,1
29,4
30,3
31,2
32,3
33,8
7,2
8,3
9,2
10,1
11,5
12,3
13,2
14,6
16,2
17,3
18,2
19,1
20,4
21,3
22,2
23,3
24,8
25,2
26,3
27,2
28,1
29,4
30,3
31,2
32,3
33,8
7,2
8,3
9,2
10,1
11,5
12,3
13,2
14,6
16,2
17,3
18,2
19,1
20,4
21,3
22,2
23,3
24,8
25,2
26,3
27,2
28,1
29,4
30,3
31,2
32,3
33,8
7,2
8,3
9,2
10,1
11,5
12,3
13,2
14,6
16,2
17,3
18,2
19,1
20,4
21,3
22,2
23,3
24,8
25,2
26,3
27,2
28,1
29,4
30,3
31,2
32,3
33,8
7,2
8,3
9,2
10,1
11,5
12,3
13,2
14,6
16,2
17,3
18,2
19,1
20,4
21,3
22,2
23,3
24,8
25,2
26,3
27,2
28,1
29,4
30,3
31,2
32,3
33,8
7,2
8,3
9,2
10,1
11,5
12,3
13,2
14,6
16,2
17,3
18,2
19,1
20,4
21,3
22,2
23,3
24,8
25,2
26,3
27,2
28,1
29,4
30,3
31,2
32,3
33,8
7,2
8,3
9,2
10,1
11,5
12,3
13,2
14,6
16,2
17,3
18,2
19,1
20,4
21,3
22,2
23,3
24,8
25,2
26,3
27,2
28,1
29,4
30,3
31,2
32,3
33,8
7,2
8,3
9,2
10,1
11,5
12,3
13,2
14,6
16,2
17,3
18,2
19,1
20,4
21,3
22,2
23,3
24,8
25,2
26,3
27,2
28,1
29,4
30,3
31,2
32,3
33,8
7,2
8,3
9,2
10,1
11,5
12,3
13,2
14,6
16,2
17,3
18,2
19,1
20,4
21,3
22,2
23,3
24,8
25,2
26,3
27,2
28,1
29,4
30,3
31,2
32,3
33,8
7,2
8,3
9,2
10,1
11,5
12,3
13,2
14,6
16,2
17,3
18,2
19,1
20,4
21,3
22,2
23,3
24,8
25,2
26,3
27,2
28,1
29,4
30,3
31,2
32,3
33,8
7,2
8,3
9,2
10,1
11,5
12,3
13,2
14,6
16,2
17,3
18,2
19,1
20,4
21,3
22,2
23,3
24,8
25,2
26,3
27,2
28,1
29,4
30,3
31,2
32,3
33,8
7,2
8,3
9,2
10,1
11,5
12,3
13,2
14,6
16,2
17,3
18,2
19,1
20,4
21,3
22,2
23,3
24,8
25,2
26,3
27,2
28,1
29,4
30,3
31,2
32,3
33,8
7,2
8,3
9,2
10,1
11,5
12,3
13,2
14,6
16,2
17,3
18,2
19,1
20,4
21,3
22,2
23,3
24,8
25,2
26,3
27,2
28,1
29,4
30,3
31,2
32,3
33,8
7,2
8,3
9,2
10,1
11,5
12,3
13,2
14,6
16,2
17,3
18,2
19,1
20,4
21,3
22,2
23,3
24,8
25,2
26,3
27,2
28,1
29,4
30,3
31,2
32,3
33,8
7,2
8,3
9,2
10,1
11,5
12,3
13,2
14,6
16,2
17,3
18,2
19,1
20,4
21,3
22,2
23,3
24,8
25,2
26,3
27,2
28,1
29,4
30,3
31,2
32,3
33,8
7,2
8,3
9,2
10,1
11,5
12,3
13,2
14,6
16,2
17,3
18,2
19,1
20,4
21,3
22,2
23,3
24,8
25,2
26,3
27,2
28,1
29,4
30,3
31,2
32,3
33,8
7,2
8,3
9,2
10,1
11,5
12,3
13,2
14,6
16,2
17,3
18,2
19,1
20,4
21,3
22,2
23,3
24,8
25,2
26,3
27,2
28,1
29,4
30,3
31,2
32,3
33,8
7,2
8,3
9,2
10,1
11,5
12,3
13,2
14,6
16,2
17,3
18,2
19,1
20,4
21,3
22,2
23,3
24,8
25,2
26,3
27,2
28,1
29,4
30,3
31,2
32,3
33,8
7,2
8,3
9,2
10,1
11,5
12,3
13,2
14,6
16,2
17,3
18,2
19,1
20,4
21,3
22,2
23,3
24,8
25,2
26,3
27,2
28,1
29,4
30,3
31,2
32,3
33,8
7,2
8,3
9,2
10,1
11,5
12,3
13,2
14,6
16,2
17,3
18,2
19,1
20,4
21,3
22,2
23,3
24,8
25,2
26,3
27,2
28,1
29,4
30,3
31,2
32,3
33,8
7,2
8,3
9,2
10,1
11,5
12,3
13,2
14,6
16,2
17,3
18,2
19,1
20,4
21,3
22,2
23,3
24,8
25,2
26,3
27,2
28,1
29,4
30,3
31,2
32,3
33,8
7,2
8,3
9,2
10,1
11,5
12,3
13,2
14,6
16,2
17,3
18,2
19,1
20,4
21,3
22,2
23,3
24,8
25,2
26,3
27,2
28,1
29,4
30,3
31,2
32,3
33,8
7,2
8,3
9,2
10,1
11,5
12,3
13,2
14,6
16,2
17,3
18,2
19,1
20,4
21,3
22,2
23,3
24,8
25,2
26,3
27,2
28,1
29,4
30,3
31,2
32,3
33,8
7,2
8,3
9,2
10,1
11,5
12,3
13,2
14,6
16,2
17,3
18,2
19,1
20,4
21,3
22,2
23,3
24,8
25,2
26,3
27,2
28,1
29,4
30,3
31,2
32,3
33,8
7,2
8,3
9,2
10,1
11,5
12,3
13,2
14,6
16,2
17,3
18,2
19,1
20,4
21,3
22,2
23,3
24,8
25,2
26,3
27,2
28,1
29,4
30,3
31,2
32,3
33,8
7,2
8,3
9,2
10,1
11,5
12,3
13,2
14,6
16,2
17,3
18,2
19,1
20,4
21,3
22,2
23,3
24,8
25,2
26,3
27,2
28,1
29,4
30,3
31,2
32,3
33,8
7,2
8,3
9,2
10,1
11,5
12,3
13,2
14,6
16,2
17,3
18,2
19,1
20,4
21,3
22,2
23,3
24,8
25,2
26,3
27,2
28,1
29,4
30,3
31,2
32,3
33,8
7,2
8,3
9,2
10,1
11,5
12,3
13,2
14,6
16,2
17,3
18,2
19,1
20,4
21,3
22,2
23,3
24,8
25,2
26,3
27,2
28,1
29,4
30,3
31,2
32,3
33,8
7,2
8,3
9,2
10,1
11,5
12,3
13,2
14,6
16,2
17,3
18,2
19,1
20,4
21,3
22,2
23,3
24,8
25,2
26,3
27,2
28,1
29,4
30,3
31,2
32,3
33,8
7,2
8,3
9,2
10,1
11,5
12,3
13,2
14,6
16,2
17,3
18,2
19,1
20,4
21,3
22,2
23,3
24,8
25,2
26,3
27,2
28,1
29,4
30,3
31,2
32,3
33,8
7,2
8,3
9,2
10,1
11,5
12,3
13,2
14,6
16,2
17,3
18,2
19,1
20,4
21,3
22,2
23,3
24,8
25,2
26,3
27,2
28,1
29,4
30,3
31,2
32,3
33,8
7,2
8,3
9,2
10,1
11,5
12,3
13,2
14,6
16,2
17,3
18,2
19,1
20,4
21,3
22,2
23,3
24,8
25,2
26,3
27,2
28,1
29,4
30,3
31,2
32,3
33,8
7,2
8,3
9,2
10,1
11,5
12,3
13,2
14,6
16,2
17,3
18,2
19,1
20,4
21,3
22,2
23,3
24,8
25,2
26,3
27,2
28,1
29,4
30,3
31,2
32,3
33,8
7,2
8,3
9,2
10,1
11,5
12,3
13,2
14,6
16,2
17,3
18,2
19,1
20,4
21,3
22,2
23,3
24,8
25,2
26,3
27,2
28,1
29,4
30,3
31,2
32,3
33,8
7,2
8,3
9,2
10,1
11,5
12,3
13,2
14,6
16,2
17,3
18,2
19,1
20,4
21,3
22,2
23,3
24,8
25,2
26,3
27,2
28,1
29,4
30,3
31,2
32,3
33,8
7,2
8,3
9,2
10,1
11,5
12,3
13,2
14,6
16,2
17,3
18,2
19,1
20,4
21,3
22,2
23,3
24,8
25,2
26,3
27,2
28,1
29,4
30,3
31,2
32,3
33,8
7,2
8,3
9,2
10,1
11,5
12,3
13,2
14,6
16,2
17,3
18,2
19,1
20,4
21,3
22,2
23,3
24,8
25,2
26,3
27,2
28,1
29,4
30,3
31,2
32,3
33,8
7,2
8,3
9,2
10,1
11,5
12,3
13,2
14,6
16,2
17,3
18,2
19,1
20,4
21,3
22,2
23,3
24,8
25,2
26,3
27,2
28,1
29,4
30,3
31,2
32,3
33,8
7,2
8,3
9,2
10,1
11,5
12,3
13,2
14,6
16,2
17,3
18,2
19,1
20,4
21,3
22,2
23,3
24,8
25,2
26,3
27,2
28,1
29,4
30,3
31,2
32,3
33,8
7,2
8,3
9,2
10,1
11,5
12,3
13,2
14,6
16,2
17,3
18,2
19,1
20,4
21,3
22,2
23,3
24,8
25,2
26,3
27,2
28,1
29,4
30,3
31,2
32,3
33,8
7,2
8,3
9,2
10,1
11,5
12,3
13,2
14,6
16,2
17,3
18,2
19,1
20,4
21,3
22,2
23,3
24,8
25,2
26,3
27,2
28,1
29,4
30,3
31,2
32,3
33,8
7,2
8,3
9,2
10,1
11,5
12,3
13,2
14,6
16,2
17,3
18,2
19,1
20,4
21,3
22,2
23,3
24,8
25,2
26,3
27,2
28,1
29,4
30,3
31,2
32,3
33,8
7,2
8,3
9,2
10,1
11,5
12,3
13,2
14,6
16,2
17,3
18,2
19,1
20,4
21,3
22,2
23,3
24,8
25,2
26,3
27,2
28,1
29,4
30,3
31,2
32,3
33,8
7,2
8,3
9,2
10,1
11,5
12,3
13,2
14,6
16,2
17,3
18,2
19,1
20,4
21,3
22,2
23,3
24,8
25,2
26,3
27,2
28,1
29,4
30,3
31,2
32,3
33,8
7,2
8,3
9,2
10,1
11,5
12,3
13,2
14,6
16,2
17,3
18,2
19,1
20,4
21,3
22,2
23,3
24,8
25,2
26,3
27,2
28,1
29,4
30,3
31,2
32,3
33,8
7,2
8,3
9,2
10,1
11,5
12,3
13,2
14,6
16,2
17,3
18,2
19,1
20,4
21,3
22,2
23,3
24,8
25,2
26,3
27,2
28,1
29,4
30,3
31,2
32,3
33,8
7,2
8,3
9,2
10,1
11,5
12,3
13,2
14,6
16,2
17,3
18,2
19,1
20,4
21,3
22,2
23,3
24,8
25,2
26,3
27,2
28,1
29,4
30,3
31,2
32,3
33,8
7,2
8,3
9,2
10,1
11,5
12,3
13,2
14,6
16,2
17,3
18,2
19,1
20,4
21,3
22,2
23,3
24,8
25,2
26,3
27,2
28,1
29,4
30,3
31,2
32,3
33,8
7,2
8,3
9,2
10,1
11,5
12,3
13,2
14,6
16,2
17,3
18,2
19,1
20,4
21,3
22,2
23,3
24,8
25,2
26,3
27,2
28,1
29,4
30,3
31,2
32,3
33,8
7,2
8,3
9,2
10,1
11,5
12,3
13,2
14,6
16,2
17,3
18,2
19,1
20,4
21,3
22,2
23,3
24,8
25,2
26,3
27,2
28,1
29,4
30,3
31,2
32,3
33,8
7,2
8,3
9,2
10,1
11,5
12,3
13,2
14,6
16,2
17,3
18,2
19,1
20,4
21,3
22,2
23,3
24,8
25,2
26,3
27,2
28,1
29,4
30,3
31,2
32,3
33,8
7,2
8,3
9,2
10,1
11,5
12,3
13,2
14,6
16,2
17,3
18,2
19,1
20,4
21,3
22,2
23,3
24,8
25,2
26,3
27,2
28,1
29,4
30,3
31,2
32,3
33,8
7,2
8,3
9,2
10,1
11,5
12,3
13,2
14,6
16,2
17,3
18,2
19,1
20,4
21,3
22,2
23,3
24,8
25,2
26,3
27,2
28,1
29,4
30,3
31,2
32,3
33,8
7,2
8,3
9,2
10,1
11,5
12,3
13,2
14,6
16,2
17,3
18,2
19,1
20,4
21,3
22,2
23,3
24,8
25,2
26,3
27,2
28,1
29,4
30,3
31,2
32,3
33,8
7,2
8,3
9,2
10,1
11,5
12,3
13,2
14,6
16,2
17,3
18,2
19,1
20,4
21,3
22,2
23,3
24,8
25,2
26,3
27,2
28,1
29,4
30,3
31,2
32,3
33,8
7,2
8,3
9,2
10,1
11,5
12,3
13,2
14,6
16,2
17,3
18,2
19,1
20,4
21,3
22,2
23,3
24,8
25,2
26,3
27,2
28,1
29,4
30,3
31,2
32,3
33,8
7,2
8,3
9,2
10,1
11,5
12,3
13,2
14,6
16,2
17,3
18,2
19,1
20,4
21,3
22,2
23,3
24,8
25,2
26,3
27,2
28,1
29,4
30,3
31,2
32,3
33,8
7,2
8,3
9,2
10,1
11,5
12,3
13,2
14,6
16,2
17,3
18,2
19,1
20,4
21,3
22,2
23,3
24,8
25,2
26,3
27,2
28,1
29,4
30,3
31,2
32,3
33,8
7,2
8,3
9,2
10,1
11,5
12,3
13,2
14,6
16,2
17,3
18,2
19,1
20,4
21,3
22,2
23,3
24,8
25,2
26,3
27,2
28,1
29,4
30,3
31,2
32,3
33,8
7,2
8,3
9,2
10,1
11,5
12,3
13,2
14,6
16,2
17,3
18,2
19,1
20,4
21,3
22,2
23,3
24,8
25,2
26,3
27,2
28,1
29,4
30,3
31,2
32,3
33,8
7,2
8,3
9,2
10,1
11,5
12,3
13,2
14,6
16,2
17,3
18,2
19,1
20,4
21,3
22,2
23,3
24,8
25,2
26,3
27,2
28,1
29,4
30,3
31,2
32,3
33,8
7,2
8,3
9,2
10,1
11,5
12,3
13,2
14,6
16,2
17,3
18,2
19,1
20,4
21,3
22,2
23,3
24,8
25,2
26,3
27,2
28,1
29,4
30,3
31,2
32,3
33,8
7,2
8,3
9,2
10,1
11,5
12,3
13,2
14,6
16,2
17,3
18,2
19,1
20,4
21,3
22,2
23,3
24,8
25,2
26,3
27,2
28,1
29,4
30,3
31,2
32,3
33,8
7,2
8,3
9,2
10,1
11,5
12,3
13,2
14,6
16,2
17,3
18,2
19,1
20,4
21,3
22,2
23,3
24,8
25,2
26,3
27,2
28,1
29,4
30,3
31,2
32,3
33,8
7,2
8,3
9,2
10,1
11,5
12,3
13,2
14,6
16,2
17,3
18,2
19,1
20,4
21,3
22,2
23,3
24,8
25,2
26,3
27,2
28,1
29,4
30,3
31,2
32,3
33,8
7,2
8,3
9,2
10,1
11,5
12,3
13,2
14,6
16,2
17,3
18,2
19,1
20,4
21,3
22,2
23,3
24,8
25,2
26,3
27,2
28,1
29,4
30,3
31,2
32,3
33,8
7,2
8,3
9,2
10,1
11,5
12,3
13,2
14,6
16,2
17,3
18,2
19,1
20,4
21,3
22,2
23,3
24,8
25,2
26,3
27,2
28,1
29,4
30,3
31,2
32,3
33,8
7,2
8,3
9,2
10,1
11,5
12,3
13,2
14,6
16,2
17,3
18,2
19,1
20,4
21,3
22,2
23,3
24,8
25,2
26,3
27,2
28,1
29,4
30,3
31,2
32,3
33,8
7,2
8,3
9,2
10,1
11,5
12,3
13,2
14,6
16,2
17,3
18,2
19,1
20,4
21,3
22,2
23,3
24,8
25,2
26,3
27,2
28,1
29,4
30,3
31,2
32,3
33,8
7,2
8,3
9,2
10,1
11,5
12,3
13,2
14,6
16,2
17,3
18,2
19,1
20,4
21,3
22,2
23,3
24,8
25,2
26,3
27,2
28,1
29,4
30,3
31,2
32,3
33,8
7,2
8,3
9,2
10,1
11,5
12,3
13,2
14,6
16,2
17,3
18,2
19,1
20,4
21,3
22,2
23,3
24,8
25,2
26,3
27,2
28,1
29,4
30,3
31,2
32,3
33,8
7,2
8,3
9,2
10,1
11,5
12,3
13,2
14,6
16,2
17,3
18,2
19,1
20,4
21,3
22,2
23,3
24,8
25,2
26,3
27,2
28,1
29,4
30,3
31,2
32,3
33,8
7,2
8,3
9,2
10,1
11,5
12,3
13,2
14,6
16,2
17,3
18,2
19,1
20,4
21,3
22,2
23,3
24,8
25,2
26,3
27,2
28,1
29,4
30,3
31,2
32,3
33,8
7,2
8,3
9,2
10,1
11,5
12,3
13,2
14,6
16,2
17,3
18,2
19,1
20,4
21,3
22,2
23,3
24,8
25,2
26,3
27,2
28,1
29,4
30,3
31,2
32,3
33,8
7,2
8,3
9,2
10,1
11,5
12,3
13,2
14,6
16,2
17,3
18,2
19,1
20,4
21,3
22,2
23,3
24,8
25,2
26,3
27,2
28,1
29,4
30,3
31,2
32,3
33,8
7,2
8,3
9,2
10,1
11,5
12,3
13,2
14,6
16,2
17,3
18,2
19,1
20,4
21,3
22,2
23,3
24,8
25,2
26,3
27,2
28,1
29,4
30,3
31,2
32,3
33,8
7,2
8,3
9,2
10,1
11,5
12,3
13,2
14,6
16,2
17,3
18,2
19,1
20,4
21,3
22,2
23,3
24,8
25,2
26,3
27,2
28,1
29,4
30,3
31,2
32,3
33,8
7,2
8,3
9,2
10,1
11,5
12,3
13,2
14,6
16,2
17,3
18,2
19,1
20,4
21,3
22,2
23,3
24,8
25,2
26,3
27,2
28,1
29,4
30,3
31,2
32,3
33,8
7,2
8,3
9,2
10,1
11,5
12,3
13,2
14,6
16,2
17,3
18,2
19,1
20,4
21,3
22,2
23,3
24,8
25,2
26,3
27,2
28,1
29,4
30,3
31,2
32,3
33,8
7,2
8,3
9,2
10,1
11,5
12,3
13,2
14,6
16,2
17,3
18,2
19,1
20,4
21,3
22,2
23,3
24,8
25,2
26,3
27,2
28,1
29,4
30,3
31,2
32,3
33,8
7,2
8,3
9,2
10,1
11,5
12,3
13,2
14,6
16,2
17,3
18,2
19,1
20,4
21,3
22,2
23,3
24,8
25,2
26,3
27,2
28,1
29,4
30,3
31,2
32,3
33,8
7,2
8,3
9,2
10,1
11,5
12,3
13,2
14,6
16,2
17,3
18,2
19,1
20,4
21,3
22,2
23,3
24,8
25,2
26,3
27,2
28,1
29,4
30,3
31,2
32,3
33,8
7,2
8,3
9,2
10,1
11,5
12,3
13,2
14,6
16,2
17,3
18,2
19,1
20,4
21,3
22,2
23,3
24,8
25,2
26,3
27,2
28,1
29,4
30,3
31,2
32,3
33,8
7,2
8,3
9,2
10,1
11,5
12,3
13,2
14,6
16,2
17,3
18,2
19,1
20,4
21,3
22,2
23,3
24,8
25,2
26,3
27,2
28,1
29,4
30,3
31,2
32,3
33,8
7,2
8,3
9,2
10,1
11,5
12,3
13,2
14,6
16,2
17,3
18,2
19,1
20,4
21,3
22,2
23,3
24,8
25,2
26,3
27,2
28,1
29,4
30,3
31,2
32,3
33,8
7,2
8,3
9,2
10,1
11,5
12,3
13,2
14,6
16,2
17,3
18,2
19,1
20,4
21,3
22,2
23,3
24,8
25,2
26,3
27,2
28,1
29,4
30,3
31,2
32,3
33,8
7,2
8,3
9,2
10,1
11,5
12,3
13,2
14,6
16,2
17,3
18,2
19,1
20,4
21,3
22,2
23,3
24,8
25,2
26,3
27,2
28,1
29,4
30,3
31,2
32,3
33,8
7,2
8,3
9,2
10,1
11,5
12,3
13,2
14,6
16,2
17,3
18,2
19,1
20,4
21,3
22,2
23,3
24,8
25,2
26,3
27,2
28,1
29,4
30,3
31,2
32,3
33,8
7,2
8,3
9,2
10,1
11,5
12,3
13,2
14,6
16,2
17,3
18,2
19,1
20,4
21,3
22,2
23,3
24,8
25,2
26,3
27,2
28,1
29,4
30,3
31,2
32,3
33,8
7,2
8,3
9,2
10,1
11,5
12,3
13,2
14,6
16,2
17,3
18,2
19,1
20,4
21,3
22,2
23,3
24,8
25,2
26,3
27,2
28,1
29,4
30,3
31,2
32,3
33,8
7,2
8,3
9,2
10,1
11,5
12,3
13,2
14,6
16,2
17,3
18,2
19,1
20,4
21,3
22,2
23,3
24,8
25,2
26,3
27,2
28,1
29,4
30,3
31,2
32,3
33,8
7,2
8,3
9,2
10,1
11,5
12,3
13,2
14,6
16,2
17,3
18,2
19,1
20,4
21,3
22,2
23,3
24,8
25,2
26,3
27,2
28,1
29,4
30,3
31,2
32,3
33,8
7,2
8,3
9,2
10,1
11,5
12,3
13,2
14,6
16,2
17,3
18,2
19,1
20,4
21,3
22,2
23,3
24,8
25,2
26,3
27,2
28,1
29,4
30,3
31,2
32,3
33,8
7,2
8,3
9,2
10,1
11,5
12,3
13,2
14,6
16,2
17,3
18,2
19,1
20,4
21,3
22,2
23,3
24,8
25,2
26,3
27,2
28,1
29,4
30,3
31,2
32,3
33,8
7,2
8,3
9,2
10,1
11,5
12,3
13,2
14,6
16,2
17,3
18,2
19,1
20,4
21,3
22,2
23,3
24,8
25,2
26,3
27,2
28,1
29,4
30,3
31,2
32,3
33,8
7,2
8,3
9,2
10,1
11,5
12,3
13,2
14,6
16,2
17,3
18,2
19,1
20,4
21,3
22,2
23,3
24,8
25,2
26,3
27,2
28,1
29,4
30,3
31,2
32,3
33,8
7,2
0,1
1,3
2,1
3,3
4,1
5,3
6,8
7,2
8,3
9,2
10,1
11,5
12,3
13,2
14,6
16,2
17,3
18,2
19,3
20,8
21,2
22,3
23,2
24,1
25,4
26,3
27,2
28,3
29,8
7,2
8,3
9,2
10,1
11,5
12,3
13,2
14,6
16,2
17,3
18,2
19,3
20,8
21,2
22,3
23,2
24,1
25,4
26,3
27,2
28,3
29,8
7,2
8,3
9,2
10,1
11,5
12,3
13,2
14,6
16,2
17,3
18,2
19,3
20,8
21,2
22,3
23,2
24,1
25,4
26,3
27,2
28,3
29,8
7,2
8,3
9,2
10,1
11,5
12,3
13,2
14,6
16,2
17,3
18,2
19,3
20,8
21,2
22,3
23,2
24,1
25,4
26,3
27,2
28,3
29,8
7,2
8,3
9,2
10,1
11,5
12,3
13,2
14,6
16,2
17,3
18,2
19,3
20,8
21,2
22,3
23,2
24,1
25,4
26,3
27,2
28,3
29,8
7,2
8,3
9,2
10,1
11,5
12,3
13,2
14,6
16,2
17,3
18,2
19,3
20,8
21,2
22,3
23,2
24,1
25,4
26,3
27,2
28,3
29,8
7,2
8,3
9,2
10,1
11,5
12,3
13,2
14,6
16,2
17,3
18,2
19,3
20,8
21,2
22,3
23,2
24,1
25,4
26,3
27,2
28,3
29,8
7,2
8,3
9,2
10,1
11,5
12,3
13,2
14,6
16,2
17,3
18,2
19,3
20,8
21,2
22,3
23,2
24,1
25,4
26,3
27,2
28,3
29,8
7,2
8,3
9,2
10,1
11,5
12,3
13,2
14,6
16,2
17,3
18,2
19,3
20,8
21,2
22,3
23,2
24,1
25,4
26,3
27,2
28,3
29,8
7,2
8,3
9,2
10,1
11,5
12,3
13,2
14,6
16,2
17,3
18,2
19,3
20,8
21,2
22,3
23,2
24,1
25,4
26,3
27,2
28,3
29,8
7,2
8,3
9,2
10,1
11,5
12,3
13,2
14,6
16,2
17,3
18,2
19,3
20,8
21,2
22,3
23,2
24,1
25,4
26,3
27,2
28,3
29,8
7,2
8,3
9,2
10,1
11,5
12,3
13,2
14,6
16,2
17,3
18,2
19,3
20,8
21,2
22,3
23,2
24,1
25,4
26,3
27,2
28,3
29,8
7,2
8,3
9,2
10,1
11,5
12,3
13,2
14,6
16,2
17,3
18,2
19,3
20,8
21,2
22,3
23,2
24,1
25,4
26,3
27,2
28,3
29,8
7,2
8,3
9,2
10,1
11,5
12,3
13,2
14,6
16,2
17,3
18,2
19,3
20,8
21,2
22,3
23,2
24,1
25,4
26,3
27,2
28,3
29,8
7,2
8,3
9,2
10,1
11,5
12,3
13,2
14,6
16,2
17,3
18,2
19,3
20,8
21,2
22,3
23,2
24,1
25,4
26,3
27,2
28,3
29,8
7,2
8,3
9,2
10,1
11,5
12,3
13,2
14,6
16,2
17,3
18,2
19,3
20,8
21,2
22,3
23,2
24,1
25,4
26,3
27,2
28,3
29,8
7,2
8,3
9,2
10,1
11,5
12,3
13,2
14,6
16,2
17,3
18,2
19,3
20,8
21,2
22,3
23,2
24,1
25,4
26,3
27,2
28,3
29,8
7,2
8,3
9,2
10,1
11,5
12,3
13,2
14,6
16,2
17,3
18,2
19,3
20,8
21,2
22,3
23,2
24,1
25,4
26,3
27,2
28,3
29,8
7,2
8,3
9,2
10,1
11,5
12,3
13,2
14,6
16,2
17,3
18,2
19,3
20,8
21,2
22,3
23,2
24,1
25,4
26,3
27,2
28,3
29,8
7,2
8,3
9,2
10,1
11,5
12,3
13,2
14,6
16,2
17,3
18,2
19,3
20,8
21,2
22,3
23,2
24,1
25,4
26,3
27,2
28,3
29,8
7,2
8,3
9,2
10,1
11,5
12,3
13,2
14,6
16,2
17,3
18,2
19,3
20,8
21,2
22,3
23,2
24,1
25,4
26,3
27,2
28,3
29,8
7,2
8,3
9,2
10,1
11,5
12,3
13,2
14,6
16,2
17,3
18,2
19,3
20,8
21,2
22,3
23,2
24,1
25,4
26,3
27,2
28,3
29,8
7,2
8,3
9,2
10,1
11,5
12,3
13,2
14,6
16,2
17,3
18,2
19,3
20,8
21,2
22,3
23,2
24,1
25,4
26,3
27,2
28,3
29,8
7,2
8,3
9,2
10,1
11,5
12,3
13,2
14,6
16,2
17,3
18,2
19,3
20,8
21,2
22,3
23,2
24,1
25,4
26,3
27,2
28,3
29,8
7,2
8,3
9,2
10,1
11,5
12,3
13,2
14,6
16,2
17,3
18,2
19,3
20,8
21,2
22,3
23,2
24,1
25,4
26,3
27,2
28,3
29,8
7,2
8,3
9,2
10,1
11,5
12,3
13,2
14,6
16,2
17,3
18,2
19,3
20,8
21,2
22,3
23,2
24,1
25,4
26,3
27,2
28,3
29,8
7,2
8,3
9,2
10,1
11,5
12,3
13,2
14,6
16,2
17,3
18,2
19,3
20,8
21,2
22,3
23,2
24,1
25,4
26,3
27,2
28,3
29,8
7,2
8,3
9,2
10,1
11,5
12,3
13,2
14,6
16,2
17,3
18,2
19,3
20,8
21,2
22,3
23,2
24,1
25,4
26,3
27,2
28,3
29,8
7,2
8,3
9,2
10,1
11,5
12,3
13,2
14,6
16,2
17,3
18,2
19,3
20,8
21,2
22,3
23,2
24,1
25,4
26,3
27,2
28,3
29,8
7,2
8,3
9,2
10,1
11,5
12,3
13,2
14,6
16,2
17,3
18,2
19,3
20,8
21,2
22,3
23,2
24,1
25,4
26,3
27,2
28,3
29,8
7,2
8,3
9,2
10,1
11,5
12,3
13,2
14,6
16,2
17,3
18,2
19,3
20,8
21,2
22,3
23,2
24,1
25,4
26,3
27,2
28,3
29,8
7,2
8,3
9,2
10,1
11,5
12,3
13,2
14,6
16,2
17,3
18,2
19,3
20,8
21,2
22,3
23,2
24,1
25,4
26,3
27,2
28,3
29,8
7,2
8,3
9,2
10,1
11,5
12,3
13,2
14,6
16,2
17,3
18,2
19,3
20,8
21,2
22,3
23,2
24,1
25,4
26,3
27,2
28,3
29,8
7,2
8,3
9,2
10,1
11,5
12,3
13,2
14,6
16,2
17,3
18,2
19,3
20,8
21,2
22,3
23,2
24,1
25,4
26,3
27,2
28,3
29,8
7,2
8,3
9,2
10,1
11,5
12,3
13,2
14,6
16,2
17,3
18,2
19,3
20,8
21,2
22,3
23,2
24,1
25,4
26,3
27,2
28,3
29,8
7,2
8,3
9,2
10,1
11,5
12,3
13,2
14,6
16,2
17,3
18,2
19,3
20,8
21,2
22,3
23,2
24,1
25,4
26,3
27,2
28,3
29,8
7,2
8,3
9,2
10,1
11,5
12,3
13,2
14,6
16,2
17,3
18,2
19,3
20,8
21,2
22,3
23,2
24,1
25,4
26,3
27,2
28,3
29,8
7,2
8,3
9,2
10,1
11,5
12,3
13,2
14,6
16,2
17,3
18,2
19,3
20,8
21,2
22,3
23,2
24,1
25,4
26,3
27,2
28,3
29,8
7,2
8,3
9,2
10,1
11,5
12,3
13,2
14,6
16,2
17,3
18,2
19,3
20,8
21,2
22,3
23,2
24,1
25,4
26,3
27,2
28,3
29,8
7,2
8,3
9,2
10,1
11,5
12,3
13,2
14,6
16,2
17,3
18,2
19,3
20,8
21,2
22,3
23,2
24,1
25,4
26,3
27,2
28,3
29,8
7,2
8,3
9,2
10,1
11,5
12,3
13,2
14,6
16,2
17,3
18,2
19,3
20,8
21,2
22,3
23,2
24,1
25,4
26,3
27,2
28,3
29,8
7,2
8,3
9,2
10,1
11,5
12,3
13,2
14,6
16,2
17,3
18,2
19,3
20,8
21,2
22,3
23,2
24,1
25,4
26,3
27,2
28,3
29,8
7,2
8,3
9,2
10,1
11,5
12,3
13,2
14,6
16,2
17,3
18,2
19,3
20,8
21,2
22,3
23,2
24,1
25,4
26,3
27,2
28,3
29,8
7,2
8,3
9,2
10,1
11,5
12,3
13,2
14,6
16,2
17,3
18,2
19,3
20,8
21,2
22,3
23,2
24,1
25,4
26,3
27,2
28,3
29,8
7,2
8,3
9,2
10,1
11,5
12,3
13,2
14,6
16,2
17,3
18,2
19,3
20,8
21,2
22,3
23,2
24,1
25,4
26,3
27,2
28,3
29,8
7,2
8,3
9,2
10,1
11,5
12,3
13,2
14,6
16,2
17,3
18,2
19,3
20,8
21,2
22,3
23,2
24,1
25,4
26,3
27,2
28,3
29,8
7,2
8,3
9,2
10,1
11,5
12,3
13,2
14,6
16,2
17,3
18,2
19,3
20,8
21,2
22,3
23,2
24,1
25,4
26,3
27,2
28,3
29,8
7,2
8,3
9,2
10,1
11,5
12,3
13,2
14,6
16,2
17,3
18,2
19,3
20,8
21,2
22,3
23,2
24,1
25,4
26,3
27,2
28,3
29,8
7,2
8,3
9,2
10,1
11,5
12,3
13,2
14,6
16,2
17,3
18,2
19,3
20,8
21,2
22,3
23,2
24,1
25,4
26,3
27,2
28,3
29,8
7,2
8,3
9,2
10,1
11,5
12,3
13,2
14,6
16,2
17,3
18,2
19,3
20,8
21,2
22,3
23,2
24,1
25,4
26,3
27,2
28,3
29,8
7,2
8,3
9,2
10,1
11,5
12,3
13,2
14,6
16,2
17,3
18,2
19,3
20,8
21,2
22,3
23,2
24,1
25,4
26,3
27,2
28,3
29,8
7,2
8,3
9,2
10,1
11,5
12,3
13,2
14,6
16,2
17,3
18,2
19,3
20,8
21,2
22,3
23,2
24,1
25,4
26,3
27,2
28,3
29,8
7,2
8,3
9,2
10,1
11,5
12,3
13,2
14,6
16,2
17,3
18,2
19,3
20,8
21,2
22,3
23,2
24,1
25,4
26,3
27,2
28,3
29,8
7,2
8,3
9,2
10,1
11,5
12,3
13,2
14,6
16,2
17,3
18,2
19,3
20,8
21,2
22,3
23,2
24,1
25,4
26,3
27,2
28,3
29,8
7,2
8,3
9,2
10,1
11,5
12,3
13,2
14,6
16,2
17,3
18,2
19,3
20,8
21,2
22,3
23,2
24,1
25,4
26,3
27,2
28,3
29,8
7,2
8,3
9,2
10,1
11,5
12,3
13,2
14,6
16,2
17,3
18,2
19,3
20,8
21,2
22,3
23,2
24,1
25,4
26,3
27,2
28,3
29,8
7,2
8,3
9,2
10,1
11,5
12,3
13,2
14,6
16,2
17,3
18,2
19,3
20,8
21,2
22,3
23,2
24,1
25,4
26,3
27,2
28,3
29,8
7,2
8,3
9,2
10,1
11,5
12,3
13,2
14,6
16,2
17,3
18,2
19,3
20,8
21,2
22,3
23,2
24,1
25,4
26,3
27,2
28,3
29,8
7,2
8,3
9,2
10,1
11,5
12,3
13,2
14,6
16,2
17,3
18,2
19,3
20,8
21,2
22,3
23,2
24,1
25,4
26,3
27,2
28,3
29,8
7,2
8,3
9,2
10,1
11,5
12,3
13,2
14,6
16,2
17,3
18,2
19,3
20,8
21,2
22,3
23,2
24,1
25,4
26,3
27,2
28,3
29,8
7,2
8,3
9,2
10,1
11,5
12,3
13,2
14,6
16,2
17,3
18,2
19,3
20,8
21,2
22,3
23,2
24,1
25,4
26,3
27,2
28,3
29,8
7,2
8,3
9,2
10,1
11,5
12,3
13,2
14,6
16,2
17,3
18,2
19,3
20,8
21,2
22,3
23,2
24,1
25,4
26,3
27,2
28,3
29,8
7,2
8,3
9,2
10,1
11,5
12,3
13,2
14,6
16,2
17,3
18,2
19,3
20,8
21,2
22,3
23,2
24,1
25,4
26,3
27,2
28,3
29,8
7,2
8,3
9,2
10,1
11,5
12,3
13,2
14,6
16,2
17,3
18,2
19,3
20,8
21,2
22,3
23,2
24,1
25,4
26,3
27,2
28,3
29,8
7,2
8,3
9,2
10,1
11,5
12,3
13,2
14,6
16,2
17,3
18,2
19,3
20,8
21,2
22,3
23,2
24,1
25,4
26,3
27,2
28,3
29,8
7,2
8,3
9,2
10,1
11,5
12,3
13,2
14,6
16,2
17,3
18,2
19,3
20,8
21,2
22,3
23,2
24,1
25,4
26,3
27,2
28,3
29,8
7,2
8,3
9,2
10,1
11,5
12,3
13,2
14,6
16,2
17,3
18,2
19,3
20,8
21,2
22,3
23,2
24,1
25,4
26,3
27,2
28,3
29,8
7,2
8,3
9,2
10,1
11,5
12,3
13,2
14,6
16,2
17,3
18,2
19,3
20,8
21,2
22,3
23,2
24,1
25,4
26,3
27,2
28,3
29,8
7,2
8,3
9,2
10,1
11,5
12,3
13,2
14,6
16,2
17,3
18,2
19,3
20,8
21,2
22,3
23,2
24,1
25,4
26,3
27,2
28,3
29,8
7,2
8,3
9,2
10,1
11,5
12,3
13,2
14,6
16,2
17,3
18,2
19,3
20,8
21,2
22,3
23,2
24,1
25,4
26,3
27,2
28,3
29,8
7,2
8,3
9,2
10,1
11,5
12,3
13,2
14,6
16,2
17,3
18,2
19,3
20,8
21,2
22,3
23,2
24,1
25,4
26,3
27,2
28,3
29,8
7,2
8,3
9,2
10,1
11,5
12,3
13,2
14,6
16,2
17,3
18,2
19,3
20,8
21,2
22,3
23,2
24,1
25,4
26,3
27,2
28,3
29,8
7,2
8,3
9,2
10,1
11,5
12,3
13,2
14,6
16,2
17,3
18,2
19,3
20,8
21,2
22,3
23,2
24,1
25,4
26,3
27,2
28,3
29,8
7,2
8,3
9,2
10,1
11,5
12,3
13,2
14,6
16,2
17,3
18,2
19,3
20,8
21,2
22,3
23,2
24,1
25,4
26,3
27,2
28,3
29,8
7,2
8,3
9,2
10,1
11,5
12,3
13,2
14,6
16,2
17,3
18,2
19,3
20,8
21,2
22,3
23,2
24,1
25,4
26,3
27,2
28,3
29,8
7,2
8,3
9,2
10,1
11,5
12,3
13,2
14,6
16,2
17,3
18,2
19,3
20,8
21,2
22,3
23,2
24,1
25,4
26,3
27,2
28,3
29,8
7,2
8,3
9,2
10,1
11,5
12,3
13,2
14,6
16,2
17,3
18,2
19,3
20,8
21,2
22,3
23,2
24,1
25,4
26,3
27,2
28,3
29,8
7,2
8,3
9,2
10,1
11,5
12,3
13,2
14,6
16,2
17,3
18,2
19,3
20,8
21,2
22,3
23,2
24,1
25,4
26,3
27,2
28,3
29,8
7,2
8,3
9,2
10,1
11,5
12,3
13,2
14,6
16,2
17,3
18,2
19,3
20,8
21,2
22,3
23,2
24,1
25,4
26,3
27,2
28,3
29,8
7,2
8,3
9,2
10,1
11,5
12,3
13,2
14,6
16,2
17,3
18,2
19,3
20,8
21,2
22,3
23,2
24,1
25,4
26,3
27,2
28,3
29,8
7,2
8,3
9,2
10,1
11,5
12,3
13,2
14,6
16,2
17,3
18,2
19,3
20,8
21,2
22,3
23,2
24,1
25,4
26,3
27,2
28,3
29,8
7,2
8,3
9,2
10,1
11,5
12,3
13,2
14,6
16,2
17,3
18,2
19,3
20,8
21,2
22,3
23,2
24,1
25,4
26,3
27,2
28,3
29,8
7,2
8,3
9,2
10,1
11,5
12,3
13,2
14,6
16,2
17,3
18,2
19,3
20,8
21,2
22,3
23,2
24,1
25,4
26,3
27,2
28,3
29,8
7,2
8,3
9,2
10,1
11,5
12,3
13,2
14,6
16,2
17,3
18,2
19,3
20,8
21,2
22,3
23,2
24,1
25,4
26,3
27,2
28,3
29,8
7,2
8,3
9,2
10,1
11,5
12,3
13,2
14,6
16,2
17,3
18,2
19,3
20,8
21,2
22,3
23,2
24,1
25,4
26,3
27,2
28,3
29,8
7,2
8,3
9,2
10,1
11,5
12,3
13,2
14,6
16,2
17,3
18,2
19,3
20,8
21,2
22,3
23,2
24,1
25,4
26,3
27,2
28,3
29,8
7,2
8,3
9,2
10,1
11,5
12,3
13,2
14,6
16,2
17,3
18,2
19,3
20,8
21,2
22,3
23,2
24,1
25,4
26,3
27,2
28,3
29,8
7,2
8,3
9,2
10,1
11,5
12,3
13,2
14,6
16,2
17,3
18,2
19,3
20,8
21,2
22,3
23,2
24,1
25,4
26,3
27,2
28,3
29,8
7,2
8,3
9,2
10,1
11,5
12,3
13,2
14,6
16,2
17,3
18,2
19,3
20,8
21,2
22,3
23,2
24,1
25,4
26,3
27,2
28,3
29,8
7,2
8,3
9,2
10,1
11,5
12,3
13,2
14,6
16,2
17,3
18,2
19,3
20,8
21,2
22,3
23,2
24,1
25,4
26,3
27,2
28,3
29,8
7,2
8,3
9,2
10,1
11,5
12,3
13,2
14,6
16,2
17,3
18,2
19,3
20,8
21,2
22,3
23,2
24,1
25,4
26,3
27,2
28,3
29,8
7,2
8,3
9,2
10,1
11,5
12,3
13,2
14,6
16,2
17,3
18,2
19,3
20,8
21,2
22,3
23,2
24,1
25,4
26,3
27,2
28,3
29,8
7,2
8,3
9,2
10,1
11,5
12,3
13,2
14,6
16,2
17,3
18,2
19,3
20,8
21,2
22,3
23,2
24,1
25,4
26,3
27,2
28,3
29,8
7,2
8,3
9,2
10,1
11,5
12,3
13,2
14,6
16,2
17,3
18,2
19,3
20,8
21,2
22,3
23,2
24,1
25,4
26,3
27,2
28,3
29,8
7,2
8,3
9,2
10,1
11,5
12,3
13,2
14,6
16,2
17,3
18,2
19,3
20,8
21,2
22,3
23,2
24,1
25,4
26,3
27,2
28,3
29,8
7,2
8,3
9,2
10,1
11,5
12,3
13,2
14,6
16,2
17,3
18,2
19,3
20,8
21,2
22,3
23,2
24,1
25,4
26,3
27,2
28,3
29,8
7,2
8,3
9,2
10,1
11,5
12,3
13,2
14,6
16,2
17,3
18,2
19,3
20,8
21,2
22,3
23,2
24,1
25,4
26,3
27,2
28,3
29,8
7,2
8,3
9,2
10,1
11,5
12,3
13,2
14,6
16,2
17,3
18,2
19,3
20,8
21,2
22,3
23,2
24,1
25,4
26,3
27,2
28,3
29,8
7,2
8,3
9,2
10,1
11,5
12,3
13,2
14,6
16,2
17,3
18,2
19,3
20,8
21,2
22,3
23,2
24,1
25,4
26,3
27,2
28,3
29,8
7,2
8,3
9,2
10,1
11,5
12,3
13,2
14,6
16,2
17,3
18,2
19,3
20,8
21,2
22,3
23,2
24,1
25,4
26,3
27,2
28,3
29,8
7,2
8,3
9,2
10,1
11,5
12,3
13,2
14,6
16,2
17,3
18,2
19,3
20,8
21,2
22,3
23,2
24,1
25,4
26,3
27,2
28,3
29,8
7,2
8,3
9,2
10,1
11,5
12,3
13,2
14,6
16,2
17,3
18,2
19,3
20,8
21,2
22,3
23,2
24,1
25,4
26,3
27,2
28,3
29,8
7,2
8,3
9,2
10,1
11,5
12,3
13,2
14,6
16,2
17,3
18,2
19,3
20,8
21,2
22,3
23,2
24,1
25,4
26,3
27,2
28,3
29,8
7,2
8,3
9,2
10,1
11,5
12,3
13,2
14,6
16,2
17,3
18,2
19,3
20,8
21,2
22,3
23,2
24,1
25,4
26,3
27,2
28,3
29,8
7,2
8,3
9,2
10,1
11,5
12,3
13,2
14,6
16,2
17,3
18,2
19,3
20,8
21,2
22,3
23,2
24,1
25,4
26,3
27,2
28,3
29,8
7,2
8,3
9,2
10,1
11,5
12,3
13,2
14,6
16,2
17,3
18,2
19,3
20,8
21,2
22,3
23,2
24,1
25,4
26,3
27,2
28,3
29,8
7,2
8,3
9,2
10,1
11,5
12,3
13,2
14,6
16,2
17,3
18,2
19,3
20,8
21,2
22,3
23,2
24,1
25,4
26,3
27,2
28,3
29,8
7,2
8,3
9,2
10,1
11,5
12,3
13,2
14,6
16,2
17,3
18,2
19,3
20,8
21,2
22,3
23,2
24,1
25,4
26,3
27,2
28,3
29,8
7,2
8,3
9,2
10,1
11,5
12,3
13,2
14,6
16,2
17,3
18,2
19,3
20,8
21,2
22,3
23,2
24,1
25,4
26,3
27,2
28,3
29,8
7,2
8,3
9,2
10,1
11,5
12,3
13,2
14,6
16,2
17,3
18,2
19,3
20,8
21,2
22,3
23,2
24,1
25,4
26,3
27,2
28,3
29,8
7,2
8,3
9,2
10,1
11,5
12,3
13,2
14,6
16,2
17,3
18,2
19,3
20,8
21,2
22,3
23,2
24,1
25,4
26,3
27,2
28,3
29,8
7,2
8,3
9,2
10,1
11,5
12,3
13,2
14,6
16,2
17,3
18,2
19,3
20,8
21,2
22,3
23,2
24,1
25,4
26,3
27,2
28,3
29,8
7,2
8,3
9,2
10,1
11,5
12,3
13,2
14,6
16,2
17,3
18,2
19,3
20,8
21,2
22,3
23,2
24,1
25,4
26,3
27,2
28,3
29,8
7,2
8,3
9,2
10,1
11,5
12,3
13,2
14,6
16,2
17,3
18,2
19,3
20,8
21,2
22,3
23,2
24,1
25,4
26,3
27,2
28,3
29,8
7,2
8,3
9,2
10,1
11,5
12,3
13,2
14,6
16,2
17,3
18,2
19,3
20,8
21,2
22,3
23,2
24,1
25,4
26,3
27,2
28,3
29,8
7,2
8,3
9,2
10,1
11,5
12,3
13,2
14,6
16,2
17,3
18,2
19,3
20,8
21,2
22,3
23,2
24,1
25,4
26,3
27,2
28,3
29,8
7,2
8,3
9,2
10,1
11,5
12,3
13,2
14,6
16,2
17,3
18,2
19,3
20,8
21,2
22,3
23,2
24,1
25,4
26,3
27,2
28,3
29,8
7,2
8,3
9,2
10,1
11,5
12,3
13,2
14,6
16,2
17,3
18,2
19,3
20,8
21,2
22,3
23,2
24,1
25,4
26,3
27,2
28,3
29,8
7,2
8,3
9,2
10,1
11,5
12,3
13,2
14,6
16,2
17,3
18,2
19,3
20,8
21,2
22,3
23,2
24,1
25,4
26,3
27,2
28,3
29,8
7,2
8,3
9,2
10,1
11,5
12,3
13,2
14,6
16,2
17,3
18,2
19,3
20,8
21,2
22,3
23,2
24,1
25,4
26,3
27,2
28,3
29,8
7,2
8,3
9,2
10,1
11,5
12,3
13,2
14,6
16,2
17,3
18,2
19,3
20,8
21,2
22,3
23,2
24,1
25,4
26,3
27,2
28,3
29,8
7,2
8,3
9,2
10,1
11,5
12,3
13,2
14,6
16,2
17,3
18,2
19,3
20,8
21,2
22,3
23,2
24,1
25,4
26,3
27,2
28,3
29,8
7,2
8,3
9,2
10,1
11,5
12,3
13,2
14,6
16,2
17,3
18,2
19,3
20,8
21,2
22,3
23,2
24,1
25,4
26,3
27,2
28,3
29,8
7,2
8,3
9,2
10,1
11,5
12,3
13,2
14,6
16,2
17,3
18,2
19,3
20,8
21,2
22,3
23,2
24,1
25,4
26,3
27,2
28,3
29,8
7,2
8,3
9,2
10,1
11,5
12,3
13,2
14,6
16,2
17,3
18,2
19,3
20,8
21,2
22,3
23,2
24,1
25,4
26,3
27,2
28,3
29,8
7,2
8,3
9,2
10,1
11,5
12,3
13,2
14,6
16,2
17,3
18,2
19,3
20,8
21,2
22,3
23,2
24,1
25,4
26,3
27,2
28,3
29,8
7,2
8,3
9,2
10,1
11,5
12,3
13,2
14,6
16,2
17,3
18,2
19,3
20,8
21,2
22,3
23,2
24,1
25,4
26,3
27,2
28,3
29,8
7,2
8,3
9,2
10,1
11,5
12,3
13,2
14,6
16,2
17,3
18,2
19,3
20,8
21,2
22,3
23,2
24,1
25,4
26,3
27,2
28,3
29,8
7,2
8,3
9,2
10,1
11,5
12,3
13,2
14,6
16,2
17,3
18,2
19,3
20,8
21,2
22,3
23,2
24,1
25,4
26,3
27,2
28,3
29,8
7,2
8,3
9,2
10,1
11,5
12,3
13,2
14,6
16,2
17,3
18,2
19,3
20,8
21,2
22,3
23,2
24,1
25,4
26,3
27,2
28,3
29,8
7,2
8,3
9,2
10,1
11,5
12,3
13,2
14,6
16,2
17,3
18,2
19,3
20,8
21,2
22,3
23,2
24,1
25,4
26,3
27,2
28,3
29,8
7,2
8,3
9,2
10,1
11,5
12,3
13,2
14,6
16,2
17,3
18,2
19,3
20,8
21,2
22,3
23,2
24,1
25,4
26,3
27,2
28,3
29,8
7,2
8,3
9,2
10,1
11,5
12,3
13,2
14,6
16,2
17,3
18,2
19,3
20,8
21,2
22,3
23,2
24,1
25,4
26,3
27,2
28,3
29,8
7,2
8,3
9,2
10,1
11,5
12,3
13,2
14,6
16,2
17,3
18,2
19,3
20,8
21,2
22,3
23,2
24,1
25,4
26,3
27,2
28,3
29,8
7,2
8,3
9,2
10,1
11,5
12,3
13,2
14,6
16,2
17,3
18,2
19,3
20,8
21,2
22,3
23,2
24,1
25,4
26,3
27,2
28,3
29,8
7,2
8,3
9,2
10,1
11,5
12,3
13,2
14,6
16,2
17,3
18,2
19,3
20,8
21,2
22,3
23,2
24,1
25,4
26,3
27,2
28,3
29,8
7,2
8,3
9,2
10,1
11,5
12,3
13,2
14,6
16,2
17,3
18,2
19,3
20,8
21,2
22,3
23,2
24,1
25,4
26,3
27,2
28,3
29,8
7,2
8,3
9,2
10,1
11,5
12,3
13,2
14,6
16,2
17,3
18,2
19,3
20,8
21,2
22,3
23,2
24,1
25,4
26,3
27,2
28,3
29,8
7,2
8,3
9,2
10,1
11,5
12,3
13,2
14,6
16,2
17,3
18,2
19,3
20,8
21,2
22,3
23,2
24,1
25,4
26,3
27,2
28,3
29,8
7,2
8,3
9,2
10,1
11,5
12,3
13,2
14,6
16,2
17,3
18,2
19,3
20,8
21,2
22,3
23,2
24,1
25,4
26,3
27,2
28,3
29,8
7,2
8,3
9,2
10,1
11,5
12,3
13,2
14,6
16,2
17,3
18,2
19,3
20,8
21,2
22,3
23,2
24,1
25,4
26,3
27,2
28,3
29,8
7,2
8,3
9,2
10,1
11,5
12,3
13,2
14,6
16,2
17,3
18,2
19,3
20,8
21,2
22,3
23,2
24,1
25,4
26,3
27,2
28,3
29,8
7,2
8,3
9,2
10,1
11,5
12,3
13,2
14,6
16,2
17,3
18,2
19,3
20,8
21,2
22,3
23,2
24,1
25,4
26,3
27,2
28,3
29,8
7,2
8,3
9,2
10,1
11,5
12,3
13,2
14,6
16,2
17,3
18,2
19,3
20,8
21,2
22,3
23,2
24,1
25,4
26,3
27,2
28,3
29,8
7,2
8,3
9,2
10,1
11,5
12,3
13,2
14,6
16,2
17,3
18,2
19,3
20,8
21,2
22,3
23,2
24,1
25,4
26,3
27,2
28,3
29,8
7,2
8,3
9,2
10,1
11,5
12,3
13,2
14,6
16,2
17,3
18,2
19,3
20,8
21,2
22,3
23,2
24,1
25,4
26,3
27,2
28,3
29,8
7,2
8,3
9,2
10,1
11,5
12,3
13,2
14,6
16,2
17,3
18,2
19,3
20,8
21,2
22,3
23,2
24,1
25,4
26,3
27,2
28,3
29,8
7,2
8,3
9,2
10,1
11,5
12,3
13,2
14,6
16,2
17,3
18,2
19,3
20,8
21,2
22,3
23,2
24,1
25,4
26,3
27,2
28,3
29,8
7,2
8,3
9,2
10,1
11,5
12,3
13,2
14,6
16,2
17,3
18,2
19,3
20,8
21,2
22,3
23,2
24,1
25,4
26,3
27,2
28,3
29,8
7,2
8,3
9,2
10,1
11,5
12,3
13,2
14,6
16,2
17,3
18,2
19,3
20,8
21,2
22,3
23,2
24,1
25,4
26,3
27,2
28,3
29,8
7,2
8,3
9,2
10,1
11,5
12,3
13,2
14,6
16,2
17,3
18,2
19,3
20,8
21,2
22,3
23,2
24,1
25,4
26,3
27,2
28,3
29,8
7,2
8,3
9,2
10,1
11,5
12,3
13,2
14,6
16,2
17,3
18,2
19,3
20,8
21,2
22,3
23,2
24,1
25,4
26,3
27,2
28,3
29,8
7,2
8,3
9,2
10,1
11,5
12,3
13,2
14,6
16,2
17,3
18,2
19,3
20,8
21,2
22,3
23,2
24,1
25,4
26,3
27,2
28,3
29,8
7,2
8,3
9,2
10,1
11,5
12,3
13,2
14,6
16,2
17,3
18,2
19,3
20,8
21,2
22,3
23,2
24,1
25,4
26,3
27,2
28,3
29,8
7,2
8,3
9,2
10,1
11,5
12,3
13,2
14,6
16,2
17,3
18,2
19,3
20,8
21,2
22,3
23,2
24,1
25,4
26,3
27,2
28,3
29,8
7,2
8,3
9,2
10,1
11,5
12,3
13,2
14,6
16,2
17,3
18,2
19,3
20,8
21,2
22,3
23,2
24,1
25,4
26,3
27,2
28,3
29,8
7,2
8,3
9,2
10,1
11,5
12,3
13,2
14,6
16,2
17,3
18,2
19,3
20,8
21,2
22,3
23,2
24,1
25,4
26,3
27,2
28,3
29,8
7,2
8,3
9,2
10,1
11,5
12,3
13,2
14,6
16,2
17,3
18,2
19,3
20,8
21,2
22,3
23,2
24,1
25,4
26,3
27,2
28,3
29,8
7,2
8,3
9,2
10,1
11,5
12,3
13,2
14,6
16,2
17,3
18,2
19,3
20,8
21,2
22,3
23,2
24,1
25,4
26,3
27,2
28,3
29,8
7,2
8,3
9,2
10,1
11,5
12,3
13,2
14,6
16,2
17,3
18,2
19,3
20,8
21,2
22,3
23,2
24,1
25,4
26,3
27,2
28,3
29,8
7,2
8,3
9,2
10,1
11,5
12,3
13,2
14,6
16,2
17,3
18,2
19,3
20,8
21,2
22,3
23,2
24,1
25,4
26,3
27,2
28,3
29,8
7,2
8,3
9,2
10,1
11,5
12,3
13,2
14,6
16,2
17,3
18,2
19,3
20,8
21,2
22,3
23,2
24,1
25,4
26,3
27,2
28,3
29,8
7,2
8,3
9,2
10,1
11,5
12,3
13,2
14,6
16,2
17,3
18,2
19,3
20,8
21,2
22,3
23,2
24,1
25,4
26,3
27,2
28,3
29,8
7,2
8,3
9,2
10,1
11,5
12,3
13,2
14,6
16,2
17,3
18,2
19,3
20,8
21,2
22,3
23,2
24,1
25,4
26,3
27,2
28,3
29,8
7,2
8,3
9,2
10,1
11,5
12,3
13,2
14,6
16,2
17,3
18,2
19,3
20,8
21,2
22,3
23,2
24,1
25,4
26,3
27,2
28,3
29,8
7,2
8,3
9,2
10,1
11,5
12,3
13,2
14,6
16,2
17,3
18,2
19,3
20,8
21,2
22,3
23,2
24,1
25,4
26,3
27,2
28,3
29,8
7,2
8,3
9,2
10,1
11,5
12,3
13,2
14,6
16,2
17,3
18,2
19,3
20,8
21,2
22,3
23,2
24,1
25,4
26,3
27,2
28,3
29,8
7,2
8,3
9,2
10,1
11,5
12,3
13,2
14,6
16,2
17,3
18,2
19,3
20,8
21,2
22,3
23,2
24,1
25,4
26,3
27,2
28,3
29,8
7,2
8,3
9,2
10,1
11,5
12,3
13,2
14,6
16,2
17,3
18,2
19,3
20,8
21,2
22,3
23,2
24,1
25,4
26,3
27,2
28,3
29,8
7,2
8,3
9,2
10,1
11,5
12,3
13,2
14,6
16,2
17,3
18,2
19,3
20,8
21,2
22,3
23,2
24,1
25,4
26,3
27,2
28,3
29,8
7,2
8,3
9,2
10,1
11,5
12,3
13,2
14,6
16,2
17,3
18,2
19,3
20,8
21,2
22,3
23,2
24,1
25,4
26,3
27,2
28,3
29,8
7,2
8,3
9,2
10,1
11,5
12,3
13,2
14,6
16,2
17,3
18,2
19,3
20,8
21,2
22,3
23,2
24,1
25,4
26,3
27,2
28,3
29,8
7,2
8,3
9,2
10,1
11,5
12,3
13,2
14,6
16,2
17,3
18,2
19,3
20,8
21,2
22,3
23,2
24,1
25,4
26,3
27,2
28,3
29,8
7,2
8,3
9,2
10,1
11,5
12,3
13,2
14,6
16,2
17,3
18,2
19,3
20,8
21,2
22,3
23,2
24,1
25,4
26,3
27,2
28,3
29,8
7,2
8,3
9,2
10,1
11,5
12,3
13,2
14,6
16,2
17,3
18,2
19,3
20,8
21,2
22,3
23,2
24,1
25,4
26,3
27,2
28,3
29,8
7,2
8,3
9,2
10,1
11,5
12,3
13,2
14,6
16,2
17,3
18,2
19,3
20,8
21,2
22,3
23,2
24,1
25,4
26,3
27,2
28,3
29,8
7,2
8,3
9,2
10,1
11,5
12,3
13,2
14,6
16,2
17,3
18,2
19,3
20,8
21,2
22,3
23,2
24,1
25,4
26,3
27,2
28,3
29,8
7,2
8,3
9,2
10,1
11,5
12,3
13,2
14,6
16,2
17,3
18,2
19,3
20,8
21,2
22,3
23,2
24,1
25,4
26,3
27,2
28,3
29,8
7,2
8,3
9,2
10,1
11,5
12,3
13,2
14,6
16,2
17,3
18,2
19,3
20,8
21,2
22,3
23,2
24,1
25,4
26,3
27,2
28,3
29,8
7,2
8,3
9,2
10,1
11,5
12,3
13,2
14,6
16,2
17,3
18,2
19,3
20,8
21,2
22,3
23,2
24,1
25,4
26,3
27,2
28,3
29,8
7,2
8,3
9,2
10,1
11,5
12,3
13,2
14,6
16,2
17,3
18,2
19,3
20,8
21,2
22,3
23,2
24,1
25,4
26,3
27,2
28,3
29,8
7,2
8,3
9,2
10,1
11,5
12,3
13,2
14,6
16,2
17,3
18,2
19,3
20,8
21,2
22,3
23,2
24,1
25,4
26,3
27,2
28,3
29,8
7,2
8,3
9,2
10,1
11,5
12,3
13,2
14,6
16,2
17,3
18,2
19,3
20,8
21,2
22,3
23,2
24,1
25,4
26,3
27,2
28,3
29,8
7,2
8,3
9,2
10,1
11,5
12,3
13,2
14,6
16,2
17,3
18,2
19,3
20,8
21,2
22,3
23,2
24,1
25,4
26,3
27,2
28,3
29,8
7,2
8,3
9,2
10,1
11,5
12,3
13,2
14,6
16,2
17,3
18,2
19,3
20,8
21,2
22,3
23,2
24,1
25,4
26,3
27,2
28,3
29,8
7,2
8,3
9,2
10,1
11,5
12,3
13,2
14,6
16,2
17,3
18,2
19,3
20,8
21,2
22,3
23,2
24,1
25,4
26,3
27,2
28,3
29,8
7,2
8,3
9,2
10,1
11,5
12,3
13,2
14,6
16,2
17,3
18,2
19,3
20,8
21,2
22,3
23,2
24,1
25,4
26,3
27,2
28,3
29,8
7,2
8,3
9,2
10,1
11,5
12,3
13,2
14,6
16,2
17,3
18,2
19,3
20,8
21,2
22,3
23,2
24,1
25,4
26,3
27,2
28,3
29,8
7,2
8,3
9,2
10,1
11,5
12,3
13,2
14,6
16,2
17,3
18,2
19,3
20,8
21,2
22,3
23,2
24,1
25,4
26,3
27,2
28,3
29,8
7,2
8,3
9,2
10,1
11,5
12,3
13,2
14,6
16,2
17,3
18,2
19,3
20,8
21,2
22,3
23,2
24,1
25,4
26,3
27,2
28,3
29,8
7,2
8,3
9,2
10,1
11,5
12,3
13,2
14,6
16,2
17,3
18,2
19,3
20,8
21,2
22,3
23,2
24,1
25,4
26,3
27,2
28,3
29,8
7,2
8,3
9,2
10,1
11,5
12,3
13,2
14,6
16,2
17,3
18,2
19,3
20,8
21,2
22,3
23,2
24,1
25,4
26,3
27,2
28,3
29,8
7,2
8,3
9,2
10,1
11,5
12,3
13,2
14,6
16,2
17,3
18,2
19,3
20,8
21,2
22,3
23,2
24,1
25,4
26,3
27,2
28,3
29,8
7,2
8,3
9,2
10,1
11,5
12,3
13,2
14,6
16,2
17,3
18,2
19,3
20,8
21,2
22,3
23,2
24,1
25,4
26,3
27,2
28,3
29,8
7,2
8,3
9,2
10,1
11,5
12,3
13,2
14,6
16,2
17,3
18,2
19,3
20,8
21,2
22,3
23,2
24,1
25,4
26,3
27,2
28,3
29,8
7,2
8,3
9,2
10,1
11,5
12,3
13,2
14,6
16,2
17,3
18,2
19,3
20,8
21,2
22,3
23,2
24,1
25,4
26,3
27,2
28,3
29,8
7,2
8,3
9,2
10,1
11,5
12,3
13,2
14,6
16,2
17,3
18,2
19,3
20,8
21,2
22,3
23,2
24,1
25,4
26,3
27,2
28,3
29,8
7,2
8,3
9,2
10,1
11,5
12,3
13,2
14,6
16,2
17,3
18,2
19,3
20,8
21,2
22,3
23,2
24,1
25,4
26,3
27,2
28,3
29,8
7,2
8,3
9,2
10,1
11,5
12,3
13,2
14,6
16,2
17,3
18,2
19,3
20,8
21,2
22,3
23,2
24,1
25,4
26,3
27,2
28,3
29,8
7,2
8,3
9,2
10,1
11,5
12,3
13,2
14,6
16,2
17,3
18,2
19,3
20,8
21,2
22,3
23,2
24,1
25,4
26,3
27,2
28,3
29,8
7,2
8,3
9,2
10,1
11,5
12,3
13,2
14,6
16,2
17,3
18,2
19,3
20,8
21,2
22,3
23,2
24,1
25,4
26,3
27,2
28,3
29,8
7,2
8,3
9,2
10,1
11,5
12,3
13,2
14,6
16,2
17,3
18,2
19,3
20,8
21,2
22,3
23,2
24,1
25,4
26,3
27,2
28,3
29,8
7,2
8,3
9,2
10,1
11,5
12,3
13,2
14,6
16,2
17,3
18,2
19,3
20,8
21,2
22,3
23,2
24,1
25,4
26,3
27,2
28,3
29,8
7,2
8,3
9,2
10,1
11,5
12,3
13,2
14,6
16,2
17,3
18,2
19,3
20,8
21,2
22,3
23,2
24,1
25,4
26,3
27,2
28,3
29,8
7,2
8,3
9,2
10,1
11,5
12,3
13,2
14,6
16,2
17,3
18,2
19,3
20,8
21,2
22,3
23,2
24,1
25,4
26,3
27,2
28,3
29,8
7,2
8,3
9,2
10,1
11,5
12,3
13,2
14,6
16,2
17,3
18,2
19,3
20,8
21,2
22,3
23,2
24,1
25,4
26,3
27,2
28,3
29,8
7,2
8,3
9,2
10,1
11,5
12,3
13,2
14,6
16,2
17,3
18,2
19,3
20,8
21,2
22,3
23,2
24,1
25,4
26,3
27,2
28,3
29,8
7,2
8,3
9,2
10,1
11,5
12,3
13,2
14,6
16,2
17,3
18,2
19,3
20,8
21,2
22,3
23,2
24,1
25,4
26,3
27,2
28,3
29,8
7,2
8,3
9,2
10,1
11,5
12,3
13,2
14,6
16,2
17,3
18,2
19,3
20,8
21,2
22,3
23,2
24,1
25,4
26,3
27,2
28,3
29,8
7,2
8,3
9,2
10,1
11,5
12,3
13,2
14,6
16,2
17,3
18,2
19,3
20,8
21,2
22,3
23,2
24,1
25,4
26,3
27,2
28,3
29,8
7,2
8,3
9,2
10,1
11,5
12,3
13,2
14,6
16,2
17,3
18,2
19,3
20,8
21,2
22,3
23,2
24,1
25,4
26,3
27,2
28,3
29,8
7,2
8,3
9,2
10,1
11,5
12,3
13,2
14,6
16,2
17,3
18,2
19,3
20,8
21,2
22,3
23,2
24,1
25,4
26,3
27,2
28,3
29,8
7,2
8,3
9,2
10,1
11,5
12,3
13,2
14,6
16,2
17,3
18,2
19,3
20,8
21,2
22,3
23,2
24,1
25,4
26,3
27,2
28,3
29,8
7,2
8,3
9,2
10,1
11,5
12,3
13,2
14,6
16,2
17,3
18,2
19,3
20,8
21,2
22,3
23,2
24,1
25,4
26,3
27,2
28,3
29,8
7,2
8,3
9,2
10,1
11,5
12,3
13,2
14,6
16,2
17,3
18,2
19,3
20,8
21,2
22,3
23,2
24,1
25,4
26,3
27,2
28,3
29,8
7,2
8,3
9,2
10,1
11,5
12,3
13,2
14,6
16,2
17,3
18,2
19,3
20,8
21,2
22,3
23,2
24,1
25,4
26,3
27,2
28,3
29,8
7,2
8,3
9,2
10,1
11,5
12,3
13,2
14,6
16,2
17,3
18,2
19,3
20,8
21,2
22,3
23,2
24,1
25,4
26,3
27,2
28,3
29,8
7,2
8,3
9,2
10,1
11,5
12,3
13,2
14,6
16,2
17,3
18,2
19,3
20,8
21,2
22,3
23,2
24,1
25,4
26,3
27,2
28,3
29,8
7,2
8,3
9,2
10,1
11,5
12,3
13,2
14,6
16,2
17,3
18,2
19,3
20,8
21,2
22,3
23,2
24,1
25,4
26,3
27,2
28,3
29,8
7,2
8,3
9,2
10,1
11,5
12,3
13,2
14,6
16,2
17,3
18,2
19,3
20,8
21,2
22,3
23,2
24,1
25,4
26,3
27,2
28,3
29,8
7,2
8,3
9,2
10,1
11,5
12,3
13,2
14,6
16,2
17,3
18,2
19,3
20,8
21,2
22,3
23,2
24,1
25,4
26,3
27,2
28,3
29,8
7,2
8,3
9,2
10,1
11,5
12,3
13,2
14,6
16,2
17,3
18,2
19,3
20,8
21,2
22,3
23,2
24,1
25,4
26,3
27,2
28,3
29,8
7,2
8,3
9,2
10,1
11,5
12,3
13,2
14,6
16,2
17,3
18,2
19,3
20,8
21,2
22,3
23,2
24,1
25,4
26,3
27,2
28,3
29,8
7,2
8,3
9,2
10,1
11,5
12,3
13,2
14,6
16,2
17,3
18,2
19,3
20,8
21,2
22,3
23,2
24,1
25,4
26,3
27,2
28,3
29,8
7,2
8,3
9,2
10,1
11,5
12,3
13,2
14,6
16,2
17,3
18,2
19,3
20,8
21,2
22,3
23,2
24,1
25,4
26,3
27,2
28,3
29,8
7,2
8,3
9,2
10,1
11,5
12,3
13,2
14,6
16,2
17,3
18,2
19,3
20,8
21,2
22,3
23,2
24,1
25,4
26,3
27,2
28,3
29,8
7,2
8,3
9,2
10,1
11,5
12,3
13,2
14,6
16,2
17,3
18,2
19,3
20,8
21,2
22,3
23,2
24,1
25,4
26,3
27,2
28,3
0,1
1,3
2,1
3,3
4,1
5,3
6,8
7,2
8,3
9,2
10,1
11,5
12,3
13,2
14,6
16,1
17,3
18,8
19,2
20,3
21,2
22,1
23,5
24,3
25,2
26,6
28,2
29,3
30,2
31,1
32,4
33,3
34,2
35,3
36,8
37,2
38,3
39,2
40,1
41,4
42,3
43,2
44,3
45,8
19,2
20,3
21,2
22,1
23,5
24,3
25,2
26,6
28,2
29,3
30,2
31,1
32,4
33,3
34,2
35,3
36,8
37,2
38,3
39,2
40,1
41,4
42,3
43,2
44,3
45,8
19,2
20,3
21,2
22,1
23,5
24,3
25,2
26,6
28,2
29,3
30,2
31,1
32,4
33,3
34,2
35,3
36,8
37,2
38,3
39,2
40,1
41,4
42,3
43,2
44,3
45,8
19,2
20,3
21,2
22,1
23,5
24,3
25,2
26,6
28,2
29,3
30,2
31,1
32,4
33,3
34,2
35,3
36,8
37,2
38,3
39,2
40,1
41,4
42,3
43,2
44,3
45,8
19,2
20,3
21,2
22,1
23,5
24,3
25,2
26,6
28,2
29,3
30,2
31,1
32,4
33,3
34,2
35,3
36,8
37,2
38,3
39,2
40,1
41,4
42,3
43,2
44,3
45,8
19,2
20,3
21,2
22,1
23,5
24,3
25,2
26,6
28,2
29,3
30,2
31,1
32,4
33,3
34,2
35,3
36,8
37,2
38,3
39,2
40,1
41,4
42,3
43,2
44,3
45,8
19,2
20,3
21,2
22,1
23,5
24,3
25,2
26,6
28,2
29,3
30,2
31,1
32,4
33,3
34,2
35,3
36,8
37,2
38,3
39,2
40,1
41,4
42,3
43,2
44,3
45,8
19,2
20,3
21,2
22,1
23,5
24,3
25,2
26,6
28,2
29,3
30,2
31,1
32,4
33,3
34,2
35,3
36,8
37,2
38,3
39,2
40,1
41,4
42,3
43,2
44,3
45,8
19,2
20,3
21,2
22,1
23,5
24,3
25,2
26,6
28,2
29,3
30,2
31,1
32,4
33,3
34,2
35,3
36,8
37,2
38,3
39,2
40,1
41,4
42,3
43,2
44,3
45,8
19,2
20,3
21,2
22,1
23,5
24,3
25,2
26,6
28,2
29,3
30,2
31,1
32,4
33,3
34,2
35,3
36,8
37,2
38,3
39,2
40,1
41,4
42,3
43,2
44,3
45,8
19,2
20,3
21,2
22,1
23,5
24,3
25,2
26,6
28,2
29,3
30,2
31,1
32,4
33,3
34,2
35,3
36,8
37,2
38,3
39,2
40,1
41,4
42,3
43,2
44,3
45,8
19,2
20,3
21,2
22,1
23,5
24,3
25,2
26,6
28,2
29,3
30,2
31,1
32,4
33,3
34,2
35,3
36,8
37,2
38,3
39,2
40,1
41,4
42,3
43,2
44,3
45,8
19,2
20,3
21,2
22,1
23,5
24,3
25,2
26,6
28,2
29,3
30,2
31,1
32,4
33,3
34,2
35,3
36,8
37,2
38,3
39,2
40,1
41,4
42,3
43,2
44,3
45,8
19,2
20,3
21,2
22,1
23,5
24,3
25,2
26,6
28,2
29,3
30,2
31,1
32,4
33,3
34,2
35,3
36,8
37,2
38,3
39,2
40,1
41,4
42,3
43,2
44,3
45,8
19,2
20,3
21,2
22,1
23,5
24,3
25,2
26,6
28,2
29,3
30,2
31,1
32,4
33,3
34,2
35,3
36,8
37,2
38,3
39,2
40,1
41,4
42,3
43,2
44,3
45,8
19,2
20,3
21,2
22,1
23,5
24,3
25,2
26,6
28,2
29,3
30,2
31,1
32,4
33,3
34,2
35,3
36,8
37,2
38,3
39,2
40,1
41,4
42,3
43,2
44,3
45,8
19,2
20,3
21,2
22,1
23,5
24,3
25,2
26,6
28,2
29,3
30,2
31,1
32,4
33,3
34,2
35,3
36,8
37,2
38,3
39,2
40,1
41,4
42,3
43,2
44,3
45,8
19,2
20,3
21,2
22,1
23,5
24,3
25,2
26,6
28,2
29,3
30,2
31,1
32,4
33,3
34,2
35,3
36,8
37,2
38,3
39,2
40,1
41,4
42,3
43,2
44,3
45,8
19,2
20,3
21,2
22,1
23,5
24,3
25,2
26,6
28,2
29,3
30,2
31,1
32,4
33,3
34,2
35,3
36,8
37,2
38,3
39,2
40,1
41,4
42,3
43,2
44,3
45,8
19,2
20,3
21,2
22,1
23,5
24,3
25,2
26,6
28,2
29,3
30,2
31,1
32,4
33,3
34,2
35,3
36,8
37,2
38,3
39,2
40,1
41,4
42,3
43,2
44,3
45,8
19,2
20,3
21,2
22,1
23,5
24,3
25,2
26,6
28,2
29,3
30,2
31,1
32,4
33,3
34,2
35,3
36,8
37,2
38,3
39,2
40,1
41,4
42,3
43,2
44,3
45,8
19,2
20,3
21,2
22,1
23,5
24,3
25,2
26,6
28,2
29,3
30,2
31,1
32,4
33,3
34,2
35,3
36,8
37,2
38,3
39,2
40,1
41,4
42,3
43,2
44,3
45,8
19,2
20,3
21,2
22,1
23,5
24,3
25,2
26,6
28,2
29,3
30,2
31,1
32,4
33,3
34,2
35,3
36,8
37,2
38,3
39,2
40,1
41,4
42,3
43,2
44,3
45,8
19,2
20,3
21,2
22,1
23,5
24,3
25,2
26,6
28,2
29,3
30,2
31,1
32,4
33,3
34,2
35,3
36,8
37,2
38,3
39,2
40,1
41,4
42,3
43,2
44,3
45,8
19,2
20,3
21,2
22,1
23,5
24,3
25,2
26,6
28,2
29,3
30,2
31,1
32,4
33,3
34,2
35,3
36,8
37,2
38,3
39,2
40,1
41,4
42,3
43,2
44,3
45,8
19,2
20,3
21,2
22,1
23,5
24,3
25,2
26,6
28,2
29,3
30,2
31,1
32,4
33,3
34,2
35,3
36,8
37,2
38,3
39,2
40,1
41,4
42,3
43,2
44,3
45,8
19,2
20,3
21,2
22,1
23,5
24,3
25,2
26,6
28,2
29,3
30,2
31,1
32,4
33,3
34,2
35,3
36,8
37,2
38,3
39,2
40,1
41,4
42,3
43,2
44,3
45,8
19,2
20,3
21,2
22,1
23,5
24,3
25,2
26,6
28,2
29,3
30,2
31,1
32,4
33,3
34,2
35,3
36,8
37,2
38,3
39,2
40,1
41,4
42,3
43,2
44,3
45,8
19,2
20,3
21,2
22,1
23,5
24,3
25,2
26,6
28,2
29,3
30,2
31,1
32,4
33,3
34,2
35,3
36,8
37,2
38,3
39,2
40,1
41,4
42,3
43,2
44,3
45,8
19,2
20,3
21,2
22,1
23,5
24,3
25,2
26,6
28,2
29,3
30,2
31,1
32,4
33,3
34,2
35,3
36,8
37,2
38,3
39,2
40,1
41,4
42,3
43,2
44,3
45,8
19,2
20,3
21,2
22,1
23,5
24,3
25,2
26,6
28,2
29,3
30,2
31,1
32,4
33,3
34,2
35,3
36,8
37,2
38,3
39,2
40,1
41,4
42,3
43,2
44,3
45,8
19,2
20,3
21,2
22,1
23,5
24,3
25,2
26,6
28,2
29,3
30,2
31,1
32,4
33,3
34,2
35,3
36,8
37,2
38,3
39,2
40,1
41,4
42,3
43,2
44,3
45,8
19,2
20,3
21,2
22,1
23,5
24,3
25,2
26,6
28,2
29,3
30,2
31,1
32,4
33,3
34,2
35,3
36,8
37,2
38,3
39,2
40,1
41,4
42,3
43,2
44,3
45,8
19,2
20,3
21,2
22,1
23,5
24,3
25,2
26,6
28,2
29,3
30,2
31,1
32,4
33,3
34,2
35,3
36,8
37,2
38,3
39,2
40,1
41,4
42,3
43,2
44,3
45,8
19,2
20,3
21,2
22,1
23,5
24,3
25,2
26,6
28,2
29,3
30,2
31,1
32,4
33,3
34,2
35,3
36,8
37,2
38,3
39,2
40,1
41,4
42,3
43,2
44,3
45,8
19,2
20,3
21,2
22,1
23,5
24,3
25,2
26,6
28,2
29,3
30,2
31,1
32,4
33,3
34,2
35,3
36,8
37,2
38,3
39,2
40,1
41,4
42,3
43,2
44,3
45,8
19,2
20,3
21,2
22,1
23,5
24,3
25,2
26,6
28,2
29,3
30,2
31,1
32,4
33,3
34,2
35,3
36,8
37,2
38,3
39,2
40,1
41,4
42,3
43,2
44,3
45,8
19,2
20,3
21,2
22,1
23,5
24,3
25,2
26,6
28,2
29,3
30,2
31,1
32,4
33,3
34,2
35,3
36,8
37,2
38,3
39,2
40,1
41,4
42,3
43,2
44,3
45,8
19,2
20,3
21,2
22,1
23,5
24,3
25,2
26,6
28,2
29,3
30,2
31,1
32,4
33,3
34,2
35,3
36,8
37,2
38,3
39,2
40,1
41,4
42,3
43,2
44,3
45,8
19,2
20,3
21,2
22,1
23,5
24,3
25,2
26,6
28,2
29,3
30,2
31,1
32,4
33,3
34,2
35,3
36,8
37,2
38,3
39,2
40,1
41,4
42,3
43,2
44,3
45,8
19,2
20,3
21,2
22,1
23,5
24,3
25,2
26,6
28,2
29,3
30,2
31,1
32,4
33,3
34,2
35,3
36,8
37,2
38,3
39,2
40,1
41,4
42,3
43,2
44,3
45,8
19,2
20,3
21,2
22,1
23,5
24,3
25,2
26,6
28,2
29,3
30,2
31,1
32,4
33,3
34,2
35,3
36,8
37,2
38,3
39,2
40,1
41,4
42,3
43,2
44,3
45,8
19,2
20,3
21,2
22,1
23,5
24,3
25,2
26,6
28,2
29,3
30,2
31,1
32,4
33,3
34,2
35,3
36,8
37,2
38,3
39,2
40,1
41,4
42,3
43,2
44,3
45,8
19,2
20,3
21,2
22,1
23,5
24,3
25,2
26,6
28,2
29,3
30,2
31,1
32,4
33,3
34,2
35,3
36,8
37,2
38,3
39,2
40,1
41,4
42,3
43,2
44,3
45,8
19,2
20,3
21,2
22,1
23,5
24,3
25,2
26,6
28,2
29,3
30,2
31,1
32,4
33,3
34,2
35,3
36,8
37,2
38,3
39,2
40,1
41,4
42,3
43,2
44,3
45,8
19,2
20,3
21,2
22,1
23,5
24,3
25,2
26,6
28,2
29,3
30,2
31,1
32,4
33,3
34,2
35,3
36,8
37,2
38,3
39,2
40,1
41,4
42,3
43,2
44,3
45,8
19,2
20,3
21,2
22,1
23,5
24,3
25,2
26,6
28,2
29,3
30,2
31,1
32,4
33,3
34,2
35,3
36,8
37,2
38,3
39,2
40,1
41,4
42,3
43,2
44,3
45,8
19,2
20,3
21,2
22,1
23,5
24,3
25,2
26,6
28,2
29,3
30,2
31,1
32,4
33,3
34,2
35,3
36,8
37,2
38,3
39,2
40,1
41,4
42,3
43,2
44,3
45,8
19,2
20,3
21,2
22,1
23,5
24,3
25,2
26,6
28,2
29,3
30,2
31,1
32,4
33,3
34,2
35,3
36,8
37,2
38,3
39,2
40,1
41,4
42,3
43,2
44,3
45,8
19,2
20,3
21,2
22,1
23,5
24,3
25,2
26,6
28,2
29,3
30,2
31,1
32,4
33,3
34,2
35,3
36,8
37,2
38,3
39,2
40,1
41,4
42,3
43,2
44,3
45,8
19,2
20,3
21,2
22,1
23,5
24,3
25,2
26,6
27,8
46,8
47,2
48,3
49,2
50,1
51,4
52,3
53,2
54,3
55,8
7,2
8,3
9,2
10,1
11,5
12,3
13,2
14,6
16,1
17,3
18,8
19,2
20,3
21,2
22,1
23,5
24,3
25,2
26,6
28,2
29,3
30,2
31,1
32,4
33,3
34,2
35,3
36,8
37,2
38,3
39,2
40,1
41,4
42,3
43,2
44,3
45,8
19,2
20,3
21,2
22,1
23,5
24,3
25,2
26,6
28,2
29,3
30,2
31,1
32,4
33,3
34,2
35,3
36,8
37,2
38,3
39,2
40,1
41,4
42,3
43,2
44,3
45,8
19,2
20,3
21,2
22,1
23,5
24,3
25,2
26,6
28,2
29,3
30,2
31,1
32,4
33,3
34,2
35,3
36,8
37,2
38,3
39,2
40,1
41,4
42,3
43,2
44,3
45,8
19,2
20,3
21,2
22,1
23,5
24,3
25,2
26,6
28,2
29,3
30,2
31,1
32,4
33,3
34,2
35,3
36,8
37,2
38,3
39,2
40,1
41,4
42,3
43,2
44,3
45,8
19,2
20,3
21,2
22,1
23,5
24,3
25,2
26,6
28,2
29,3
30,2
31,1
32,4
33,3
34,2
35,3
36,8
37,2
38,3
39,2
40,1
41,4
42,3
43,2
44,3
45,8
19,2
20,3
21,2
22,1
23,5
24,3
25,2
26,6
28,2
29,3
30,2
31,1
32,4
33,3
34,2
35,3
36,8
37,2
38,3
39,2
40,1
41,4
42,3
43,2
44,3
45,8
19,2
20,3
21,2
22,1
23,5
24,3
25,2
26,6
28,2
29,3
30,2
31,1
32,4
33,3
34,2
35,3
36,8
37,2
38,3
39,2
40,1
41,4
42,3
43,2
44,3
45,8
19,2
20,3
21,2
22,1
23,5
24,3
25,2
26,6
28,2
29,3
30,2
31,1
32,4
33,3
34,2
35,3
36,8
37,2
38,3
39,2
40,1
41,4
42,3
43,2
44,3
45,8
19,2
20,3
21,2
22,1
23,5
24,3
25,2
26,6
28,2
29,3
30,2
31,1
32,4
33,3
34,2
35,3
36,8
37,2
38,3
39,2
40,1
41,4
42,3
43,2
44,3
45,8
19,2
20,3
21,2
22,1
23,5
24,3
25,2
26,6
28,2
29,3
30,2
31,1
32,4
33,3
34,2
35,3
36,8
37,2
38,3
39,2
40,1
41,4
42,3
43,2
44,3
45,8
19,2
20,3
21,2
22,1
23,5
24,3
25,2
26,6
28,2
29,3
30,2
31,1
32,4
33,3
34,2
35,3
36,8
37,2
38,3
39,2
40,1
41,4
42,3
43,2
44,3
45,8
19,2
20,3
21,2
22,1
23,5
24,3
25,2
26,6
28,2
29,3
30,2
31,1
32,4
33,3
34,2
35,3
36,8
37,2
38,3
39,2
40,1
41,4
42,3
43,2
44,3
45,8
19,2
20,3
21,2
22,1
23,5
24,3
25,2
26,6
28,2
29,3
30,2
31,1
32,4
33,3
34,2
35,3
36,8
37,2
38,3
39,2
40,1
41,4
42,3
43,2
44,3
45,8
19,2
20,3
21,2
22,1
23,5
24,3
25,2
26,6
28,2
29,3
30,2
31,1
32,4
33,3
34,2
35,3
36,8
37,2
38,3
39,2
40,1
41,4
42,3
43,2
44,3
45,8
19,2
20,3
21,2
22,1
23,5
24,3
25,2
26,6
28,2
29,3
30,2
31,1
32,4
33,3
34,2
35,3
36,8
37,2
38,3
39,2
40,1
41,4
42,3
43,2
44,3
45,8
19,2
20,3
21,2
22,1
23,5
24,3
25,2
26,6
28,2
29,3
30,2
31,1
32,4
33,3
34,2
35,3
36,8
37,2
38,3
39,2
40,1
41,4
42,3
43,2
44,3
45,8
19,2
20,3
21,2
22,1
23,5
24,3
25,2
26,6
28,2
29,3
30,2
31,1
32,4
33,3
34,2
35,3
36,8
37,2
38,3
39,2
40,1
41,4
42,3
43,2
44,3
45,8
19,2
20,3
21,2
22,1
23,5
24,3
25,2
26,6
28,2
29,3
30,2
31,1
32,4
33,3
34,2
35,3
36,8
37,2
38,3
39,2
40,1
41,4
42,3
43,2
44,3
45,8
19,2
20,3
21,2
22,1
23,5
24,3
25,2
26,6
28,2
29,3
30,2
31,1
32,4
33,3
34,2
35,3
36,8
37,2
38,3
39,2
40,1
41,4
42,3
43,2
44,3
45,8
19,2
20,3
21,2
22,1
23,5
24,3
25,2
26,6
28,2
29,3
30,2
31,1
32,4
33,3
34,2
35,3
36,8
37,2
38,3
39,2
40,1
41,4
42,3
43,2
44,3
45,8
19,2
20,3
21,2
22,1
23,5
24,3
25,2
26,6
28,2
29,3
30,2
31,1
32,4
33,3
34,2
35,3
36,8
37,2
38,3
39,2
40,1
41,4
42,3
43,2
44,3
45,8
19,2
20,3
21,2
22,1
23,5
24,3
25,2
26,6
28,2
29,3
30,2
31,1
32,4
33,3
34,2
35,3
36,8
37,2
38,3
39,2
40,1
41,4
42,3
43,2
44,3
45,8
19,2
20,3
21,2
22,1
23,5
24,3
25,2
26,6
28,2
29,3
30,2
31,1
32,4
33,3
34,2
35,3
36,8
37,2
38,3
39,2
40,1
41,4
42,3
43,2
44,3
45,8
19,2
20,3
21,2
22,1
23,5
24,3
25,2
26,6
28,2
29,3
30,2
31,1
32,4
33,3
34,2
35,3
36,8
37,2
38,3
39,2
40,1
41,4
42,3
43,2
44,3
45,8
19,2
20,3
21,2
22,1
23,5
24,3
25,2
26,6
28,2
29,3
30,2
31,1
32,4
33,3
34,2
35,3
36,8
37,2
38,3
39,2
40,1
41,4
42,3
43,2
44,3
45,8
19,2
20,3
21,2
22,1
23,5
24,3
25,2
26,6
28,2
29,3
30,2
31,1
32,4
33,3
34,2
35,3
36,8
37,2
38,3
39,2
40,1
41,4
42,3
43,2
44,3
45,8
19,2
20,3
21,2
22,1
23,5
24,3
25,2
26,6
28,2
29,3
30,2
31,1
32,4
33,3
34,2
35,3
36,8
37,2
38,3
39,2
40,1
41,4
42,3
43,2
44,3
45,8
19,2
20,3
21,2
22,1
23,5
24,3
25,2
26,6
28,2
29,3
30,2
31,1
32,4
33,3
34,2
35,3
36,8
37,2
38,3
39,2
40,1
41,4
42,3
43,2
44,3
45,8
19,2
20,3
21,2
22,1
23,5
24,3
25,2
26,6
28,2
29,3
30,2
31,1
32,4
33,3
34,2
35,3
36,8
37,2
38,3
39,2
40,1
41,4
42,3
43,2
44,3
45,8
19,2
20,3
21,2
22,1
23,5
24,3
25,2
26,6
28,2
29,3
30,2
31,1
32,4
33,3
34,2
35,3
36,8
37,2
38,3
39,2
40,1
41,4
42,3
43,2
44,3
45,8
19,2
20,3
21,2
22,1
23,5
24,3
25,2
26,6
28,2
29,3
30,2
31,1
32,4
33,3
34,2
35,3
36,8
37,2
38,3
39,2
40,1
41,4
42,3
43,2
44,3
45,8
19,2
20,3
21,2
22,1
23,5
24,3
25,2
26,6
28,2
29,3
30,2
31,1
32,4
33,3
34,2
35,3
36,8
37,2
38,3
39,2
40,1
41,4
42,3
43,2
44,3
45,8
19,2
20,3
21,2
22,1
23,5
24,3
25,2
26,6
28,2
29,3
30,2
31,1
32,4
33,3
34,2
35,3
36,8
37,2
38,3
39,2
40,1
41,4
42,3
43,2
44,3
45,8
19,2
20,3
21,2
22,1
23,5
24,3
25,2
26,6
28,2
29,3
30,2
31,1
32,4
33,3
34,2
35,3
36,8
37,2
38,3
39,2
40,1
41,4
42,3
43,2
44,3
45,8
19,2
20,3
21,2
22,1
23,5
24,3
25,2
26,6
28,2
29,3
30,2
31,1
32,4
33,3
34,2
35,3
36,8
37,2
38,3
39,2
40,1
41,4
42,3
43,2
44,3
45,8
19,2
20,3
21,2
22,1
23,5
24,3
25,2
26,6
28,2
29,3
30,2
31,1
32,4
33,3
34,2
35,3
36,8
37,2
38,3
39,2
40,1
41,4
42,3
43,2
44,3
45,8
19,2
20,3
21,2
22,1
23,5
24,3
25,2
26,6
28,2
29,3
30,2
31,1
32,4
33,3
34,2
35,3
36,8
37,2
38,3
39,2
40,1
41,4
42,3
43,2
44,3
45,8
19,2
20,3
21,2
22,1
23,5
24,3
25,2
26,6
28,2
29,3
30,2
31,1
32,4
33,3
34,2
35,3
36,8
37,2
38,3
39,2
40,1
41,4
42,3
43,2
44,3
45,8
19,2
20,3
21,2
22,1
23,5
24,3
25,2
26,6
28,2
29,3
30,2
31,1
32,4
33,3
34,2
35,3
36,8
37,2
38,3
39,2
40,1
41,4
42,3
43,2
44,3
45,8
19,2
20,3
21,2
22,1
23,5
24,3
25,2
26,6
28,2
29,3
30,2
31,1
32,4
33,3
34,2
35,3
36,8
37,2
38,3
39,2
40,1
41,4
42,3
43,2
44,3
45,8
19,2
20,3
21,2
22,1
23,5
24,3
25,2
26,6
28,2
29,3
30,2
31,1
32,4
33,3
34,2
35,3
36,8
37,2
38,3
39,2
40,1
41,4
42,3
43,2
44,3
45,8
19,2
20,3
21,2
22,1
23,5
24,3
25,2
26,6
28,2
29,3
30,2
31,1
32,4
33,3
34,2
35,3
36,8
37,2
38,3
39,2
40,1
41,4
42,3
43,2
44,3
45,8
19,2
20,3
21,2
22,1
23,5
24,3
25,2
26,6
28,2
29,3
30,2
31,1
32,4
33,3
34,2
35,3
36,8
37,2
38,3
39,2
40,1
41,4
42,3
43,2
44,3
45,8
19,2
20,3
21,2
22,1
23,5
24,3
25,2
26,6
28,2
29,3
30,2
31,1
32,4
33,3
34,2
35,3
36,8
37,2
38,3
39,2
40,1
41,4
42,3
43,2
44,3
45,8
19,2
20,3
21,2
22,1
23,5
24,3
25,2
26,6
28,2
29,3
30,2
31,1
32,4
33,3
34,2
35,3
36,8
37,2
38,3
39,2
40,1
41,4
42,3
43,2
44,3
45,8
19,2
20,3
21,2
22,1
23,5
24,3
25,2
26,6
28,2
29,3
30,2
31,1
32,4
33,3
34,2
35,3
36,8
37,2
38,3
39,2
40,1
41,4
42,3
43,2
44,3
45,8
19,2
20,3
21,2
22,1
23,5
24,3
25,2
26,6
28,2
29,3
30,2
31,1
32,4
33,3
34,2
35,3
36,8
37,2
38,3
39,2
40,1
41,4
42,3
43,2
44,3
45,8
19,2
20,3
21,2
22,1
23,5
24,3
25,2
26,6
28,2
29,3
30,2
31,1
32,4
33,3
34,2
35,3
36,8
37,2
38,3
39,2
40,1
41,4
42,3
43,2
44,3
45,8
19,2
20,3
21,2
22,1
23,5
24,3
25,2
26,6
28,2
29,3
30,2
31,1
32,4
33,3
34,2
35,3
36,8
37,2
38,3
39,2
40,1
41,4
42,3
43,2
44,3
45,8
19,2
20,3
21,2
22,1
23,5
24,3
25,2
26,6
28,2
29,3
30,2
31,1
32,4
33,3
34,2
35,3
36,8
37,2
38,3
39,2
40,1
41,4
42,3
43,2
44,3
45,8
19,2
20,3
21,2
22,1
23,5
24,3
25,2
26,6
27,8
46,8
47,2
48,3
49,2
50,1
51,4
52,3
53,2
54,3
55,8
7,2
8,3
9,2
10,1
11,5
12,3
13,2
14,6
16,1
17,3
18,8
19,2
20,3
21,2
22,1
23,5
24,3
25,2
26,6
28,2
29,3
30,2
31,1
32,4
33,3
34,2
35,3
36,8
37,2
38,3
39,2
40,1
41,4
42,3
43,2
44,3
45,8
19,2
20,3
21,2
22,1
23,5
24,3
25,2
26,6
28,2
29,3
30,2
31,1
32,4
33,3
34,2
35,3
36,8
37,2
38,3
39,2
40,1
41,4
42,3
43,2
44,3
45,8
19,2
20,3
21,2
22,1
23,5
24,3
25,2
26,6
28,2
29,3
30,2
31,1
32,4
33,3
34,2
35,3
36,8
37,2
38,3
39,2
40,1
41,4
42,3
43,2
44,3
45,8
19,2
20,3
21,2
22,1
23,5
24,3
25,2
26,6
28,2
29,3
30,2
31,1
32,4
33,3
34,2
35,3
36,8
37,2
38,3
39,2
40,1
41,4
42,3
43,2
44,3
45,8
19,2
20,3
21,2
22,1
23,5
24,3
25,2
26,6
28,2
29,3
30,2
31,1
32,4
33,3
34,2
35,3
36,8
37,2
38,3
39,2
40,1
41,4
42,3
43,2
44,3
45,8
19,2
20,3
21,2
22,1
23,5
24,3
25,2
26,6
28,2
29,3
30,2
31,1
32,4
33,3
34,2
35,3
36,8
37,2
38,3
39,2
40,1
41,4
42,3
43,2
44,3
45,8
19,2
20,3
21,2
22,1
23,5
24,3
25,2
26,6
28,2
29,3
30,2
31,1
32,4
33,3
34,2
35,3
36,8
37,2
38,3
39,2
40,1
41,4
42,3
43,2
44,3
45,8
19,2
20,3
21,2
22,1
23,5
24,3
25,2
26,6
28,2
29,3
30,2
31,1
32,4
33,3
34,2
35,3
36,8
37,2
38,3
39,2
40,1
41,4
42,3
43,2
44,3
45,8
19,2
20,3
21,2
22,1
23,5
24,3
25,2
26,6
28,2
29,3
30,2
31,1
32,4
33,3
34,2
35,3
36,8
37,2
38,3
39,2
40,1
41,4
42,3
43,2
44,3
45,8
19,2
20,3
21,2
22,1
23,5
24,3
25,2
26,6
28,2
29,3
30,2
31,1
32,4
33,3
34,2
35,3
36,8
37,2
38,3
39,2
40,1
41,4
42,3
43,2
44,3
45,8
19,2
20,3
21,2
22,1
23,5
24,3
25,2
26,6
28,2
29,3
30,2
31,1
32,4
33,3
34,2
35,3
36,8
37,2
38,3
39,2
40,1
41,4
42,3
43,2
44,3
45,8
19,2
20,3
21,2
22,1
23,5
24,3
25,2
26,6
28,2
29,3
30,2
31,1
32,4
33,3
34,2
35,3
36,8
37,2
38,3
39,2
40,1
41,4
42,3
43,2
44,3
45,8
19,2
20,3
21,2
22,1
23,5
24,3
25,2
26,6
28,2
29,3
30,2
31,1
32,4
33,3
34,2
35,3
36,8
37,2
38,3
39,2
40,1
41,4
42,3
43,2
44,3
45,8
19,2
20,3
21,2
22,1
23,5
24,3
25,2
26,6
28,2
29,3
30,2
31,1
32,4
33,3
34,2
35,3
36,8
37,2
38,3
39,2
40,1
41,4
42,3
43,2
44,3
45,8
19,2
20,3
21,2
22,1
23,5
24,3
25,2
26,6
28,2
29,3
30,2
31,1
32,4
33,3
34,2
35,3
36,8
37,2
38,3
39,2
40,1
41,4
42,3
43,2
44,3
45,8
19,2
20,3
21,2
22,1
23,5
24,3
25,2
26,6
28,2
29,3
30,2
31,1
32,4
33,3
34,2
35,3
36,8
37,2
38,3
39,2
40,1
41,4
42,3
43,2
44,3
45,8
19,2
20,3
21,2
22,1
23,5
24,3
25,2
26,6
28,2
29,3
30,2
31,1
32,4
33,3
34,2
35,3
36,8
37,2
38,3
39,2
40,1
41,4
42,3
43,2
44,3
45,8
19,2
20,3
21,2
22,1
23,5
24,3
25,2
26,6
28,2
29,3
30,2
31,1
32,4
33,3
34,2
35,3
36,8
37,2
38,3
39,2
40,1
41,4
42,3
43,2
44,3
45,8
19,2
20,3
21,2
22,1
23,5
24,3
25,2
26,6
28,2
29,3
30,2
31,1
32,4
33,3
34,2
35,3
36,8
37,2
38,3
39,2
40,1
41,4
42,3
43,2
44,3
45,8
19,2
20,3
21,2
22,1
23,5
24,3
25,2
26,6
28,2
29,3
30,2
31,1
32,4
33,3
34,2
35,3
36,8
37,2
38,3
39,2
40,1
41,4
42,3
43,2
44,3
45,8
19,2
20,3
21,2
22,1
23,5
24,3
25,2
26,6
28,2
29,3
30,2
31,1
32,4
33,3
34,2
35,3
36,8
37,2
38,3
39,2
40,1
41,4
42,3
43,2
44,3
45,8
19,2
20,3
21,2
22,1
23,5
24,3
25,2
26,6
28,2
29,3
30,2
31,1
32,4
33,3
34,2
35,3
36,8
37,2
38,3
39,2
40,1
41,4
42,3
43,2
44,3
45,8
19,2
20,3
21,2
22,1
23,5
24,3
25,2
26,6
28,2
29,3
30,2
31,1
32,4
33,3
34,2
35,3
36,8
37,2
38,3
39,2
40,1
41,4
42,3
43,2
44,3
45,8
19,2
20,3
21,2
22,1
23,5
24,3
25,2
26,6
28,2
29,3
30,2
31,1
32,4
33,3
34,2
35,3
36,8
37,2
38,3
39,2
40,1
41,4
42,3
43,2
44,3
45,8
19,2
20,3
21,2
22,1
23,5
24,3
25,2
26,6
28,2
29,3
30,2
31,1
32,4
33,3
34,2
35,3
36,8
37,2
38,3
39,2
40,1
41,4
42,3
43,2
44,3
45,8
19,2
20,3
21,2
22,1
23,5
24,3
25,2
26,6
28,2
29,3
30,2
31,1
32,4
33,3
34,2
35,3
36,8
37,2
38,3
39,2
40,1
41,4
42,3
43,2
44,3
45,8
19,2
20,3
21,2
22,1
23,5
24,3
25,2
26,6
28,2
29,3
30,2
31,1
32,4
33,3
34,2
35,3
36,8
37,2
38,3
39,2
40,1
41,4
42,3
43,2
44,3
45,8
19,2
20,3
21,2
22,1
23,5
24,3
25,2
26,6
28,2
29,3
30,2
31,1
32,4
33,3
34,2
35,3
36,8
37,2
38,3
39,2
40,1
41,4
42,3
43,2
44,3
45,8
19,2
20,3
21,2
22,1
23,5
24,3
25,2
26,6
28,2
29,3
30,2
31,1
32,4
33,3
34,2
35,3
36,8
37,2
38,3
39,2
40,1
41,4
42,3
43,2
44,3
45,8
19,2
20,3
21,2
22,1
23,5
24,3
25,2
26,6
28,2
29,3
30,2
31,1
32,4
33,3
34,2
35,3
36,8
37,2
38,3
39,2
40,1
41,4
42,3
43,2
44,3
45,8
19,2
20,3
21,2
22,1
23,5
24,3
25,2
26,6
28,2
29,3
30,2
31,1
32,4
33,3
34,2
35,3
36,8
37,2
38,3
39,2
40,1
41,4
42,3
43,2
44,3
45,8
19,2
20,3
21,2
22,1
23,5
24,3
25,2
26,6
28,2
29,3
30,2
31,1
32,4
33,3
34,2
35,3
36,8
37,2
38,3
39,2
40,1
41,4
42,3
43,2
44,3
45,8
19,2
20,3
21,2
22,1
23,5
24,3
25,2
26,6
28,2
29,3
30,2
31,1
32,4
33,3
34,2
35,3
36,8
37,2
38,3
39,2
40,1
41,4
42,3
43,2
44,3
45,8
19,2
20,3
21,2
22,1
23,5
24,3
25,2
26,6
28,2
29,3
30,2
31,1
32,4
33,3
34,2
35,3
36,8
37,2
38,3
39,2
40,1
41,4
42,3
43,2
44,3
45,8
19,2
20,3
21,2
22,1
23,5
24,3
25,2
26,6
28,2
29,3
30,2
31,1
32,4
33,3
34,2
35,3
36,8
37,2
38,3
39,2
40,1
41,4
42,3
43,2
44,3
45,8
19,2
20,3
21,2
22,1
23,5
24,3
25,2
26,6
28,2
29,3
30,2
31,1
32,4
33,3
34,2
35,3
36,8
37,2
38,3
39,2
40,1
41,4
42,3
43,2
44,3
45,8
19,2
20,3
21,2
22,1
23,5
24,3
25,2
26,6
28,2
29,3
30,2
31,1
32,4
33,3
34,2
35,3
36,8
37,2
38,3
39,2
40,1
41,4
42,3
43,2
44,3
45,8
19,2
20,3
21,2
22,1
23,5
24,3
25,2
26,6
28,2
29,3
30,2
31,1
32,4
33,3
34,2
35,3
36,8
37,2
38,3
39,2
40,1
41,4
42,3
43,2
44,3
45,8
19,2
20,3
21,2
22,1
23,5
24,3
25,2
26,6
28,2
29,3
30,2
31,1
32,4
33,3
34,2
35,3
36,8
37,2
38,3
39,2
40,1
41,4
42,3
43,2
44,3
45,8
19,2
20,3
21,2
22,1
23,5
24,3
25,2
26,6
28,2
29,3
30,2
31,1
32,4
33,3
34,2
35,3
36,8
37,2
38,3
39,2
40,1
41,4
42,3
43,2
44,3
45,8
19,2
20,3
21,2
22,1
23,5
24,3
25,2
26,6
28,2
29,3
30,2
31,1
32,4
33,3
34,2
35,3
36,8
37,2
38,3
39,2
40,1
41,4
42,3
43,2
44,3
45,8
19,2
20,3
21,2
22,1
23,5
24,3
25,2
26,6
28,2
29,3
30,2
31,1
32,4
33,3
34,2
35,3
36,8
37,2
38,3
39,2
40,1
41,4
42,3
43,2
44,3
45,8
19,2
20,3
21,2
22,1
23,5
24,3
25,2
26,6
28,2
29,3
30,2
31,1
32,4
33,3
34,2
35,3
36,8
37,2
38,3
39,2
40,1
41,4
42,3
43,2
44,3
45,8
19,2
20,3
21,2
22,1
23,5
24,3
25,2
26,6
28,2
29,3
30,2
31,1
32,4
33,3
34,2
35,3
36,8
37,2
38,3
39,2
40,1
41,4
42,3
43,2
44,3
45,8
19,2
20,3
21,2
22,1
23,5
24,3
25,2
26,6
28,2
29,3
30,2
31,1
32,4
33,3
34,2
35,3
36,8
37,2
38,3
39,2
40,1
41,4
42,3
43,2
44,3
45,8
19,2
20,3
21,2
22,1
23,5
24,3
25,2
26,6
28,2
29,3
30,2
31,1
32,4
33,3
34,2
35,3
36,8
37,2
38,3
39,2
40,1
41,4
42,3
43,2
44,3
45,8
19,2
20,3
21,2
22,1
23,5
24,3
25,2
26,6
28,2
29,3
30,2
31,1
32,4
33,3
34,2
35,3
36,8
37,2
38,3
39,2
40,1
41,4
42,3
43,2
44,3
45,8
19,2
20,3
21,2
22,1
23,5
24,3
25,2
26,6
28,2
29,3
30,2
31,1
32,4
33,3
34,2
35,3
36,8
37,2
38,3
39,2
40,1
41,4
42,3
43,2
44,3
45,8
19,2
20,3
21,2
22,1
23,5
24,3
25,2
26,6
28,2
29,3
30,2
31,1
32,4
33,3
34,2
35,3
36,8
37,2
38,3
39,2
40,1
41,4
42,3
43,2
44,3
45,8
19,2
20,3
21,2
22,1
23,5
24,3
25,2
26,6
28,2
29,3
30,2
31,1
32,4
33,3
34,2
35,3
36,8
37,2
38,3
39,2
40,1
41,4
42,3
43,2
44,3
45,8
19,2
20,3
21,2
22,1
23,5
24,3
25,2
26,6
27,8
46,8
47,2
48,3
49,2
50,1
51,4
52,3
53,2
54,3
55,8
7,2
8,3
9,2
10,1
11,5
12,3
13,2
14,6
16,1
17,3
18,8
19,2
20,3
21,2
22,1
23,5
24,3
25,2
26,6
28,2
29,3
30,2
31,1
32,4
33,3
34,2
35,3
36,8
37,2
38,3
39,2
40,1
41,4
42,3
43,2
44,3
45,8
19,2
20,3
21,2
22,1
23,5
24,3
25,2
26,6
28,2
29,3
30,2
31,1
32,4
33,3
34,2
35,3
36,8
37,2
38,3
39,2
40,1
41,4
42,3
43,2
44,3
45,8
19,2
20,3
21,2
22,1
23,5
24,3
25,2
26,6
28,2
29,3
30,2
31,1
32,4
33,3
34,2
35,3
36,8
37,2
38,3
39,2
40,1
41,4
42,3
43,2
44,3
45,8
19,2
20,3
21,2
22,1
23,5
24,3
25,2
26,6
28,2
29,3
30,2
31,1
32,4
33,3
34,2
35,3
36,8
37,2
38,3
39,2
40,1
41,4
42,3
43,2
44,3
45,8
19,2
20,3
21,2
22,1
23,5
24,3
25,2
26,6
28,2
29,3
30,2
31,1
32,4
33,3
34,2
35,3
36,8
37,2
38,3
39,2
40,1
41,4
42,3
43,2
44,3
45,8
19,2
20,3
21,2
22,1
23,5
24,3
25,2
26,6
28,2
29,3
30,2
31,1
32,4
33,3
34,2
35,3
36,8
37,2
38,3
39,2
40,1
41,4
42,3
43,2
44,3
45,8
19,2
20,3
21,2
22,1
23,5
24,3
25,2
26,6
28,2
29,3
30,2
31,1
32,4
33,3
34,2
35,3
36,8
37,2
38,3
39,2
40,1
41,4
42,3
43,2
44,3
45,8
19,2
20,3
21,2
22,1
23,5
24,3
25,2
26,6
28,2
29,3
30,2
31,1
32,4
33,3
34,2
35,3
36,8
37,2
38,3
39,2
40,1
41,4
42,3
43,2
44,3
45,8
19,2
20,3
21,2
22,1
23,5
24,3
25,2
26,6
28,2
29,3
30,2
31,1
32,4
33,3
34,2
35,3
36,8
37,2
38,3
39,2
40,1
41,4
42,3
43,2
44,3
45,8
19,2
20,3
21,2
22,1
23,5
24,3
25,2
26,6
28,2
29,3
30,2
31,1
32,4
33,3
34,2
35,3
36,8
37,2
38,3
39,2
40,1
41,4
42,3
43,2
44,3
45,8
19,2
20,3
21,2
22,1
23,5
24,3
25,2
26,6
28,2
29,3
30,2
31,1
32,4
33,3
34,2
35,3
36,8
37,2
38,3
39,2
40,1
41,4
42,3
43,2
44,3
45,8
19,2
20,3
21,2
22,1
23,5
24,3
25,2
26,6
28,2
29,3
30,2
31,1
32,4
33,3
34,2
35,3
36,8
37,2
38,3
39,2
40,1
41,4
42,3
43,2
44,3
45,8
19,2
20,3
21,2
22,1
23,5
24,3
25,2
26,6
28,2
29,3
30,2
31,1
32,4
33,3
34,2
35,3
36,8
37,2
38,3
39,2
40,1
41,4
42,3
43,2
44,3
45,8
19,2
20,3
21,2
22,1
23,5
24,3
25,2
26,6
28,2
29,3
30,2
31,1
32,4
33,3
34,2
35,3
36,8
37,2
38,3
39,2
40,1
41,4
42,3
43,2
44,3
45,8
19,2
20,3
21,2
22,1
23,5
24,3
25,2
26,6
28,2
29,3
30,2
31,1
32,4
33,3
34,2
35,3
36,8
37,2
38,3
39,2
40,1
41,4
42,3
43,2
44,3
45,8
19,2
20,3
21,2
22,1
23,5
24,3
25,2
26,6
28,2
29,3
30,2
31,1
32,4
33,3
34,2
35,3
36,8
37,2
38,3
39,2
40,1
41,4
42,3
43,2
44,3
45,8
19,2
20,3
21,2
22,1
23,5
24,3
25,2
26,6
28,2
29,3
30,2
31,1
32,4
33,3
34,2
35,3
36,8
37,2
38,3
39,2
40,1
41,4
42,3
43,2
44,3
45,8
19,2
20,3
21,2
22,1
23,5
24,3
25,2
26,6
28,2
29,3
30,2
31,1
32,4
33,3
34,2
35,3
36,8
37,2
38,3
39,2
40,1
41,4
42,3
43,2
44,3
45,8
19,2
20,3
21,2
22,1
23,5
24,3
25,2
26,6
28,2
29,3
30,2
31,1
32,4
33,3
34,2
35,3
36,8
37,2
38,3
39,2
40,1
41,4
42,3
43,2
44,3
45,8
19,2
20,3
21,2
22,1
23,5
24,3
25,2
26,6
28,2
29,3
30,2
31,1
32,4
33,3
34,2
35,3
36,8
37,2
38,3
39,2
40,1
41,4
42,3
43,2
44,3
45,8
19,2
20,3
21,2
22,1
23,5
24,3
25,2
26,6
28,2
29,3
30,2
31,1
32,4
33,3
34,2
35,3
36,8
37,2
38,3
39,2
40,1
41,4
42,3
43,2
44,3
45,8
19,2
20,3
21,2
22,1
23,5
24,3
25,2
26,6
28,2
29,3
30,2
31,1
32,4
33,3
34,2
35,3
36,8
37,2
38,3
39,2
40,1
41,4
42,3
43,2
44,3
45,8
19,2
20,3
21,2
22,1
23,5
24,3
25,2
26,6
28,2
29,3
30,2
31,1
32,4
33,3
34,2
35,3
36,8
37,2
38,3
39,2
40,1
41,4
42,3
43,2
44,3
45,8
19,2
20,3
21,2
22,1
23,5
24,3
25,2
26,6
28,2
29,3
30,2
31,1
32,4
33,3
34,2
35,3
36,8
37,2
38,3
39,2
40,1
41,4
42,3
43,2
44,3
45,8
19,2
20,3
21,2
22,1
23,5
24,3
25,2
26,6
28,2
29,3
30,2
31,1
32,4
33,3
34,2
35,3
36,8
37,2
38,3
39,2
40,1
41,4
42,3
43,2
44,3
45,8
19,2
20,3
21,2
22,1
23,5
24,3
25,2
26,6
28,2
29,3
30,2
31,1
32,4
33,3
34,2
35,3
36,8
37,2
38,3
39,2
40,1
41,4
42,3
43,2
44,3
45,8
19,2
20,3
21,2
22,1
23,5
24,3
25,2
26,6
28,2
29,3
30,2
31,1
32,4
33,3
34,2
35,3
36,8
37,2
38,3
39,2
40,1
41,4
42,3
43,2
44,3
45,8
19,2
20,3
21,2
22,1
23,5
24,3
25,2
26,6
28,2
29,3
30,2
31,1
32,4
33,3
34,2
35,3
36,8
37,2
38,3
39,2
40,1
41,4
42,3
43,2
44,3
45,8
19,2
20,3
21,2
22,1
23,5
24,3
25,2
26,6
28,2
29,3
30,2
31,1
32,4
33,3
34,2
35,3
36,8
37,2
38,3
39,2
40,1
41,4
42,3
43,2
44,3
45,8
19,2
20,3
21,2
22,1
23,5
24,3
25,2
26,6
28,2
29,3
30,2
31,1
32,4
33,3
34,2
35,3
36,8
37,2
38,3
39,2
40,1
41,4
42,3
43,2
44,3
45,8
19,2
20,3
21,2
22,1
23,5
24,3
25,2
26,6
28,2
29,3
30,2
31,1
32,4
33,3
34,2
35,3
36,8
37,2
38,3
39,2
40,1
41,4
42,3
43,2
44,3
45,8
19,2
20,3
21,2
22,1
23,5
24,3
25,2
26,6
28,2
29,3
30,2
31,1
32,4
33,3
34,2
35,3
36,8
37,2
38,3
39,2
40,1
41,4
42,3
43,2
44,3
45,8
19,2
20,3
21,2
22,1
23,5
24,3
25,2
26,6
28,2
29,3
30,2
31,1
32,4
33,3
34,2
35,3
36,8
37,2
38,3
39,2
40,1
41,4
42,3
43,2
44,3
45,8
19,2
20,3
21,2
22,1
23,5
24,3
25,2
26,6
28,2
29,3
30,2
31,1
32,4
33,3
34,2
35,3
36,8
37,2
38,3
39,2
40,1
41,4
42,3
43,2
44,3
45,8
19,2
20,3
21,2
22,1
23,5
24,3
25,2
26,6
28,2
29,3
30,2
31,1
32,4
33,3
34,2
35,3
36,8
37,2
38,3
39,2
40,1
41,4
42,3
43,2
44,3
45,8
19,2
20,3
21,2
22,1
23,5
24,3
25,2
26,6
28,2
29,3
30,2
31,1
32,4
33,3
34,2
35,3
36,8
37,2
38,3
39,2
40,1
41,4
42,3
43,2
44,3
45,8
19,2
20,3
21,2
22,1
23,5
24,3
25,2
26,6
28,2
29,3
30,2
31,1
32,4
33,3
34,2
35,3
36,8
37,2
38,3
39,2
40,1
41,4
42,3
43,2
44,3
45,8
19,2
20,3
21,2
22,1
23,5
24,3
25,2
26,6
28,2
29,3
30,2
31,1
32,4
33,3
34,2
35,3
36,8
37,2
38,3
39,2
40,1
41,4
42,3
43,2
44,3
45,8
19,2
20,3
21,2
22,1
